speciesKey,species,scientificName,order,family,iucn_code,iucn_category
2475410,Merops orientalis,"Merops orientalis Latham, 1801",Coraciiformes,Meropidae,LC,LEAST_CONCERN
11273070,Ortygornis pondicerianus,"Ortygornis pondicerianus (J.F.Gmelin, 1789)",Galliformes,Phasianidae,LC,LEAST_CONCERN
2496347,Eudynamys scolopaceus,"Eudynamys scolopaceus (Linnaeus, 1758)",Cuculiformes,Cuculidae,LC,LEAST_CONCERN
5229167,Milvus migrans,"Milvus migrans (Boddaert, 1783)",Accipitriformes,Accipitridae,LC,LEAST_CONCERN
5846290,Saxicola maurus,"Saxicola maurus (Pallas, 1773)",Passeriformes,Muscicapidae,NE,NOT_EVALUATED
2479226,Psittacula krameri,"Psittacula krameri (Scopoli, 1769)",Psittaciformes,Psittacidae,LC,LEAST_CONCERN
nan,nan,"Tachyspiza Kaup, 1844",nan,nan,NE,NOT_EVALUATED
2482499,Corvus splendens,"Corvus splendens Vieillot, 1817",Passeriformes,Corvidae,LC,LEAST_CONCERN
6101224,Spilopelia chinensis,"Spilopelia chinensis (Scopoli, 1786)",Columbiformes,Columbidae,LC,LEAST_CONCERN
5232005,Centropus sinensis,"Centropus sinensis (Stephens, 1815)",Cuculiformes,Cuculidae,LC,LEAST_CONCERN
2486131,Pycnonotus cafer,"Pycnonotus cafer (Linnaeus, 1766)",Passeriformes,Pycnonotidae,LC,LEAST_CONCERN
7341522,Phylloscopus humei,"Phylloscopus humei (W.E.Brooks, 1878)",Passeriformes,Phylloscopidae,LC,LEAST_CONCERN
9600020,Dicrurus leucophaeus,"Dicrurus leucophaeus Vieillot, 1817",Passeriformes,Dicruridae,LC,LEAST_CONCERN
6066512,Microcarbo niger,"Microcarbo niger (Vieillot, 1817)",Suliformes,Phalacrocoracidae,LC,LEAST_CONCERN
2492758,Prinia inornata,"Prinia inornata Sykes, 1832",Passeriformes,Cisticolidae,LC,LEAST_CONCERN
2480311,Charadrius alexandrinus,Anarhynchus alexandrinus,Charadriiformes,Charadriidae,LC,LEAST_CONCERN
2495414,Columba livia,"Columba livia J.F.Gmelin, 1789",Columbiformes,Columbidae,LC,LEAST_CONCERN
2493970,Dicrurus macrocercus,"Dicrurus macrocercus Vieillot, 1817",Passeriformes,Dicruridae,LC,LEAST_CONCERN
2486151,Pycnonotus jocosus,"Pycnonotus jocosus (Linnaeus, 1758)",Passeriformes,Pycnonotidae,LC,LEAST_CONCERN
6100941,Sturnia pagodarum,"Sturnia pagodarum (Gmelin, 1789)",Passeriformes,Sturnidae,LC,LEAST_CONCERN
6100870,Motacilla maderaspatensis,"Motacilla maderaspatensis Gmelin, 1789",Passeriformes,Motacillidae,LC,LEAST_CONCERN
5231190,Passer domesticus,"Passer domesticus (Linnaeus, 1758)",Passeriformes,Passeridae,LC,LEAST_CONCERN
2489362,Zosterops palpebrosus,"Zosterops palpebrosus (Temminck, 1824)",Passeriformes,Zosteropidae,LC,LEAST_CONCERN
2480880,Egretta intermedia,"Ardea intermedia Wagler, 1829",Pelecaniformes,Ardeidae,NE,NOT_EVALUATED
2494056,Ploceus philippinus,"Ploceus philippinus (Linnaeus, 1766)",Passeriformes,Ploceidae,LC,LEAST_CONCERN
2488963,Oriolus xanthornus,"Oriolus xanthornus (Linnaeus, 1758)",Passeriformes,Oriolidae,LC,LEAST_CONCERN
2480327,Pluvialis squatarola,"Pluvialis squatarola (Linnaeus, 1758)",Charadriiformes,Charadriidae,VU,VULNERABLE
7340608,Cinnyris asiaticus,"Cinnyris asiaticus (Latham, 1790)",Passeriformes,Nectariniidae,LC,LEAST_CONCERN
5788893,Saxicoloides fulicatus,"Copsychus fulicatus (Linnaeus, 1766)",Passeriformes,Muscicapidae,LC,LEAST_CONCERN
2480863,Nycticorax nycticorax,"Nycticorax nycticorax (Linnaeus, 1758)",Pelecaniformes,Ardeidae,LC,LEAST_CONCERN
2489005,Acridotheres tristis,"Acridotheres tristis (Linnaeus, 1766)",Passeriformes,Sturnidae,LC,LEAST_CONCERN
5228662,Apus affinis,"Apus affinis (J.E.Gray, 1830)",Apodiformes,Apodidae,LC,LEAST_CONCERN
2493598,Lonchura punctulata,"Lonchura punctulata (Linnaeus, 1758)",Passeriformes,Estrildidae,LC,LEAST_CONCERN
6087954,Rhipidura albogularis,"Rhipidura albogularis (Lesson, 1831)",Passeriformes,Rhipiduridae,LC,LEAST_CONCERN
2480876,Egretta garzetta,"Egretta garzetta (Linnaeus, 1766)",Pelecaniformes,Ardeidae,LC,LEAST_CONCERN
2481263,Gelochelidon nilotica,"Gelochelidon nilotica (J.F.Gmelin, 1789)",Charadriiformes,Laridae,LC,LEAST_CONCERN
5229131,Vanellus indicus,"Vanellus indicus (Boddaert, 1783)",Charadriiformes,Charadriidae,LC,LEAST_CONCERN
2498261,Aythya fuligula,"Aythya fuligula (Linnaeus, 1758)",Anseriformes,Anatidae,LC,LEAST_CONCERN
2493145,Acrocephalus dumetorum,"Acrocephalus dumetorum Blyth, 1849",Passeriformes,Acrocephalidae,LC,LEAST_CONCERN
2492428,Cyornis tickelliae,"Cyornis tickelliae Blyth, 1843",Passeriformes,Muscicapidae,LC,LEAST_CONCERN
5788516,Aquila hastata,"Clanga hastata (R.P.Lesson, 1831)",Accipitriformes,Accipitridae,VU,VULNERABLE
2486822,Pericrocotus cinnamomeus,"Pericrocotus cinnamomeus (Linnaeus, 1766)",Passeriformes,Campephagidae,LC,LEAST_CONCERN
2475923,Ocyceros birostris,"Ocyceros birostris (Scopoli, 1786)",Bucerotiformes,Bucerotidae,LC,LEAST_CONCERN
5228328,Halcyon smyrnensis,"Halcyon smyrnensis (Linnaeus, 1758)",Coraciiformes,Alcedinidae,LC,LEAST_CONCERN
7340537,Turdoides striata,"Argya striata (Dumont, 1823)",Passeriformes,Leiothrichidae,LC,LEAST_CONCERN
2490307,Motacilla citreola,"Motacilla citreola Pallas, 1776",Passeriformes,Motacillidae,LC,LEAST_CONCERN
7340278,Ptyonoprogne concolor,"Ptyonoprogne concolor (Sykes, 1832)",Passeriformes,Hirundinidae,LC,LEAST_CONCERN
5229126,Himantopus himantopus,"Himantopus himantopus (Linnaeus, 1758)",Charadriiformes,Recurvirostridae,LC,LEAST_CONCERN
2493028,Orthotomus sutorius,"Orthotomus sutorius (Pennant, 1769)",Passeriformes,Cisticolidae,LC,LEAST_CONCERN
2481800,Actitis hypoleucos,"Actitis hypoleucos (Linnaeus, 1758)",Charadriiformes,Scolopacidae,LC,LEAST_CONCERN
6100799,Emberiza lathami,"Emberiza lathami J.E.Gray, 1831",Passeriformes,Emberizidae,LC,LEAST_CONCERN
2481104,Phoeniconaias minor,"Phoeniconaias minor (É.Geoffroy Saint-Hilaire, 1798)",Phoenicopteriformes,Phoenicopteridae,NT,NEAR_THREATENED
2482487,Corvus macrorhynchos,"Corvus macrorhynchos Wagler, 1827",Passeriformes,Corvidae,LC,LEAST_CONCERN
2481947,Leptoptilos javanicus,"Leptoptilos javanicus (Horsfield, 1821)",Ciconiiformes,Ciconiidae,NT,NEAR_THREATENED
2480773,Plegadis falcinellus,"Plegadis falcinellus (Linnaeus, 1766)",Pelecaniformes,Threskiornithidae,LC,LEAST_CONCERN
2480934,Ardea purpurea,"Ardea purpurea Linnaeus, 1766",Pelecaniformes,Ardeidae,LC,LEAST_CONCERN
2493626,Lonchura malacca,"Lonchura malacca (Linnaeus, 1766)",Passeriformes,Estrildidae,LC,LEAST_CONCERN
2480905,Ardeola grayii,"Ardeola grayii (Sykes, 1832)",Pelecaniformes,Ardeidae,LC,LEAST_CONCERN
7340855,Leptocoma zeylonica,"Leptocoma zeylonica (Linnaeus, 1766)",Passeriformes,Nectariniidae,LC,LEAST_CONCERN
7341597,Gracupica contra,"Gracupica contra (Linnaeus, 1758)",Passeriformes,Sturnidae,LC,LEAST_CONCERN
2493974,Dicrurus caerulescens,"Dicrurus caerulescens (Linnaeus, 1758)",Passeriformes,Dicruridae,LC,LEAST_CONCERN
2482451,Dendrocitta vagabunda,"Dendrocitta vagabunda (Latham, 1790)",Passeriformes,Corvidae,LC,LEAST_CONCERN
5789082,Euodice malabarica,"Euodice malabarica (Linnaeus, 1758)",Passeriformes,Estrildidae,LC,LEAST_CONCERN
2498404,Dendrocygna javanica,"Dendrocygna javanica (Horsfield, 1821)",Anseriformes,Anatidae,LC,LEAST_CONCERN
2492752,Prinia socialis,"Prinia socialis Sykes, 1832",Passeriformes,Cisticolidae,LC,LEAST_CONCERN
2480482,Circus aeruginosus,"Circus aeruginosus (Linnaeus, 1758)",Accipitriformes,Accipitridae,LC,LEAST_CONCERN
2480767,Threskiornis melanocephalus,"Threskiornis melanocephalus (Latham, 1790)",Pelecaniformes,Threskiornithidae,LC,LEAST_CONCERN
2486625,Hypothymis azurea,"Hypothymis azurea (Boddaert, 1783)",Passeriformes,Monarchidae,LC,LEAST_CONCERN
2490310,Motacilla cinerea,"Motacilla cinerea Tunstall, 1771",Passeriformes,Motacillidae,LC,LEAST_CONCERN
6101223,Spilopelia senegalensis,"Spilopelia senegalensis (Linnaeus, 1766)",Columbiformes,Columbidae,LC,LEAST_CONCERN
2492754,Prinia sylvatica,"Prinia sylvatica Jerdon, 1840",Passeriformes,Cisticolidae,LC,LEAST_CONCERN
2498015,Tadorna ferruginea,"Tadorna ferruginea (Pallas, 1764)",Anseriformes,Anatidae,LC,LEAST_CONCERN
2480726,Pandion haliaetus,"Pandion haliaetus (Linnaeus, 1758)",Accipitriformes,Pandionidae,LC,LEAST_CONCERN
2492960,Sylvia curruca,"Curruca curruca (Linnaeus, 1758)",Passeriformes,Sylviidae,LC,LEAST_CONCERN
5793241,Pernis ptilorhynchus,"Pernis ptilorhynchus (Temminck, 1821)",Accipitriformes,Accipitridae,LC,LEAST_CONCERN
2480637,Accipiter nisus,"Accipiter nisus (Linnaeus, 1758)",Accipitriformes,Accipitridae,LC,LEAST_CONCERN
2477102,Cypsiurus balasiensis,"Cypsiurus balasiensis (J.E.Gray, 1829)",Apodiformes,Apodidae,LC,LEAST_CONCERN
2492680,Copsychus saularis,"Copsychus saularis (Linnaeus, 1758)",Passeriformes,Muscicapidae,LC,LEAST_CONCERN
7691806,Psilopogon haemacephalus,"Psilopogon haemacephalus (P.L.S.Müller, 1776)",Piciformes,Megalaimidae,LC,LEAST_CONCERN
2486687,Terpsiphone paradisi,"Terpsiphone paradisi (Linnaeus, 1758)",Passeriformes,Monarchidae,LC,LEAST_CONCERN
9523325,Oriolus kundoo,"Oriolus kundoo Sykes, 1832",Passeriformes,Oriolidae,LC,LEAST_CONCERN
2481938,Mycteria leucocephala,"Mycteria leucocephala (Pennant, 1769)",Ciconiiformes,Ciconiidae,LC,LEAST_CONCERN
2484723,Dicaeum erythrorhynchos,"Dicaeum erythrorhynchos (Latham, 1790)",Passeriformes,Dicaeidae,LC,LEAST_CONCERN
2494459,Carpodacus erythrinus,"Carpodacus erythrinus (Pallas, 1770)",Passeriformes,Fringillidae,LC,LEAST_CONCERN
9273219,Lanius schach,"Lanius schach Linnaeus, 1758",Passeriformes,Laniidae,LC,LEAST_CONCERN
5788886,Ficedula albicilla,"Ficedula albicilla (Pallas, 1811)",Passeriformes,Muscicapidae,LC,LEAST_CONCERN
2480778,Pseudibis papillosa,"Pseudibis papillosa (Temminck, 1824)",Pelecaniformes,Threskiornithidae,LC,LEAST_CONCERN
2484096,Aegithina tiphia,"Aegithina tiphia (Linnaeus, 1758)",Passeriformes,Aegithinidae,LC,LEAST_CONCERN
2475532,Alcedo atthis,"Alcedo atthis (Linnaeus, 1758)",Coraciiformes,Alcedinidae,LC,LEAST_CONCERN
2480437,Haliastur indus,"Haliastur indus (Boddaert, 1783)",Accipitriformes,Accipitridae,LC,LEAST_CONCERN
2481890,Phalacrocorax carbo,"Phalacrocorax carbo (Linnaeus, 1758)",Suliformes,Phalacrocoracidae,LC,LEAST_CONCERN
5788823,Ammomanes phoenicura,"Ammomanes phoenicura (Franklin, 1831)",Passeriformes,Alaudidae,LC,LEAST_CONCERN
2486770,Coracina macei,"Coracina macei (Lesson, 1831)",Passeriformes,Campephagidae,LC,LEAST_CONCERN
5232083,Glaucidium radiatum,"Glaucidium radiatum (Tickell, 1833)",Strigiformes,Strigidae,LC,LEAST_CONCERN
2493314,Turdoides malcolmi,"Argya malcolmi (Sykes, 1832)",Passeriformes,Leiothrichidae,LC,LEAST_CONCERN
5230801,Hirundo smithii,"Hirundo smithii Leach & K.D.Koenig, 1818",Passeriformes,Hirundinidae,LC,LEAST_CONCERN
2490277,Anthus rufulus,"Anthus rufulus Vieillot, 1818",Passeriformes,Motacillidae,LC,LEAST_CONCERN
5229055,Psittacula eupatria,"Psittacula eupatria (Linnaeus, 1766)",Psittaciformes,Psittacidae,NT,NEAR_THREATENED
9274012,Spatula querquedula,"Spatula querquedula (Linnaeus, 1758)",Anseriformes,Anatidae,LC,LEAST_CONCERN
2492851,Lanius vittatus,"Lanius vittatus Valenciennes, 1826",Passeriformes,Laniidae,LC,LEAST_CONCERN
2474377,Fulica atra,"Fulica atra Linnaeus, 1758",Gruiformes,Rallidae,LC,LEAST_CONCERN
9752617,Ardea alba,"Ardea alba Linnaeus, 1758",Pelecaniformes,Ardeidae,LC,LEAST_CONCERN
2496379,Rhopodytes viridirostris,"Phaenicophaeus viridirostris (Jerdon, 1840)",Cuculiformes,Cuculidae,NE,NOT_EVALUATED
5230726,Chloropsis aurifrons,"Chloropsis aurifrons (Temminck, 1829)",Passeriformes,Chloropseidae,LC,LEAST_CONCERN
8250742,Calidris pugnax,"Calidris pugnax (Linnaeus, 1758)",Charadriiformes,Scolopacidae,LC,LEAST_CONCERN
2492675,Copsychus malabaricus,"Copsychus malabaricus (Scopoli, 1786)",Passeriformes,Muscicapidae,LC,LEAST_CONCERN
2498310,Nettapus coromandelianus,"Nettapus coromandelianus (J.F.Gmelin, 1789)",Anseriformes,Anatidae,LC,LEAST_CONCERN
2480433,Spilornis cheela,"Spilornis cheela (Latham, 1790)",Accipitriformes,Accipitridae,LC,LEAST_CONCERN
2481918,Ciconia episcopus,"Ciconia episcopus (Boddaert, 1783)",Ciconiiformes,Ciconiidae,NT,NEAR_THREATENED
9616058,Falco tinnunculus,"Falco tinnunculus Linnaeus, 1758",Falconiformes,Falconidae,LC,LEAST_CONCERN
5788816,Eremopterix griseus,"Eremopterix griseus (Scopoli, 1786)",Passeriformes,Alaudidae,LC,LEAST_CONCERN
9450106,Anas poecilorhyncha,"Anas poecilorhyncha J.R.Forster, 1781",Anseriformes,Anatidae,LC,LEAST_CONCERN
2481670,Limnodromus scolopaceus,"Limnodromus scolopaceus (Say, 1822)",Charadriiformes,Scolopacidae,NT,NEAR_THREATENED
2474732,Amaurornis phoenicurus,"Amaurornis phoenicurus (Pennant, 1769)",Gruiformes,Rallidae,LC,LEAST_CONCERN
2490585,Mirafra javanica,"Mirafra javanica Horsfield, 1821",Passeriformes,Alaudidae,LC,LEAST_CONCERN
2496279,Cacomantis passerinus,"Cacomantis passerinus (Vahl, 1797)",Cuculiformes,Cuculidae,LC,LEAST_CONCERN
4408780,Muscicapa latirostris,"Muscicapa dauurica Pallas, 1811",Passeriformes,Muscicapidae,NE,NOT_EVALUATED
2474416,Porphyrio porphyrio,"Porphyrio poliocephalus (Latham, 1801)",Gruiformes,Rallidae,LC,LEAST_CONCERN
9701857,Motacilla flava,"Motacilla flava Linnaeus, 1758",Passeriformes,Motacillidae,LC,LEAST_CONCERN
7341580,Sturnia malabarica,"Sturnia malabarica (Gmelin, 1789)",Passeriformes,Sturnidae,LC,LEAST_CONCERN
5229044,Psittacula cyanocephala,"Psittacula cyanocephala (Linnaeus, 1766)",Psittaciformes,Psittacidae,LC,LEAST_CONCERN
9797180,Ardea cinerea,"Ardea cinerea Linnaeus, 1758",Pelecaniformes,Ardeidae,LC,LEAST_CONCERN
2491585,Emberiza striolata,"Emberiza striolata (M.H.K.Lichtenstein, 1823)",Passeriformes,Emberizidae,LC,LEAST_CONCERN
2484887,Sitta castanea,"Sitta castanea Lesson, 1830",Passeriformes,Sittidae,LC,LEAST_CONCERN
2481889,Phalacrocorax fuscicollis,"Phalacrocorax fuscicollis Stephens, 1826",Suliformes,Phalacrocoracidae,LC,LEAST_CONCERN
5739315,Phoenicurus ochruros,"Phoenicurus ochruros (S.G.Gmelin, 1774)",Passeriformes,Muscicapidae,LC,LEAST_CONCERN
6101070,Parus cinereus,"Parus cinereus Vieillot, 1818",Passeriformes,Paridae,NE,NOT_EVALUATED
2492605,Ficedula parva,"Ficedula parva (Bechstein, 1792)",Passeriformes,Muscicapidae,LC,LEAST_CONCERN
9451184,Pavo cristatus,"Pavo cristatus Linnaeus, 1758",Galliformes,Phasianidae,LC,LEAST_CONCERN
2492519,Saxicola caprata,"Saxicola caprata (Linnaeus, 1766)",Passeriformes,Muscicapidae,LC,LEAST_CONCERN
2481019,Falco chicquera,"Falco chicquera Daudin, 1800",Falconiformes,Falconidae,NT,NEAR_THREATENED
5789279,Sternula albifrons,"Sternula albifrons (Pallas, 1764)",Charadriiformes,Laridae,LC,LEAST_CONCERN
2477411,Tachymarptis melba,"Tachymarptis melba (Linnaeus, 1758)",Apodiformes,Apodidae,LC,LEAST_CONCERN
2480801,Platalea leucorodia,"Platalea leucorodia Linnaeus, 1758",Pelecaniformes,Threskiornithidae,LC,LEAST_CONCERN
2482048,Tachybaptus ruficollis,"Tachybaptus ruficollis (Pallas, 1764)",Podicipediformes,Podicipedidae,LC,LEAST_CONCERN
2480372,Elanus caeruleus,"Elanus caeruleus (Desfontaines, 1789)",Accipitriformes,Accipitridae,LC,LEAST_CONCERN
2484857,Tephrodornis pondicerianus,"Tephrodornis pondicerianus (Gmelin, 1789)",Passeriformes,Tephrodornithidae,LC,LEAST_CONCERN
2481713,Tringa glareola,"Tringa glareola Linnaeus, 1758",Charadriiformes,Scolopacidae,LC,LEAST_CONCERN
2492766,Prinia hodgsonii,"Prinia hodgsonii Blyth, 1844",Passeriformes,Cisticolidae,LC,LEAST_CONCERN
2475379,Coracias benghalensis,"Coracias benghalensis (Linnaeus, 1758)",Coraciiformes,Coraciidae,LC,LEAST_CONCERN
2490672,Galerida malabarica,"Galerida malabarica (Scopoli, 1786)",Passeriformes,Alaudidae,LC,LEAST_CONCERN
2498255,Aythya ferina,"Aythya ferina (Linnaeus, 1758)",Anseriformes,Anatidae,VU,VULNERABLE
7340540,Cinnyris lotenius,"Cinnyris lotenius (Linnaeus, 1766)",Passeriformes,Nectariniidae,LC,LEAST_CONCERN
2481850,Metopidius indicus,"Metopidius indicus (Latham, 1790)",Charadriiformes,Jacanidae,LC,LEAST_CONCERN
2481749,Calidris minuta,"Calidris minuta (Leisler, 1812)",Charadriiformes,Scolopacidae,LC,LEAST_CONCERN
2489006,Acridotheres fuscus,"Acridotheres fuscus (Wagler, 1827)",Passeriformes,Sturnidae,LC,LEAST_CONCERN
2475452,Merops philippinus,"Merops philippinus Linnaeus, 1767",Coraciiformes,Meropidae,LC,LEAST_CONCERN
8214667,Anas crecca,"Anas crecca Linnaeus, 1758",Anseriformes,Anatidae,LC,LEAST_CONCERN
9717283,Cecropis daurica,"Cecropis daurica (Laxmann, 1769)",Passeriformes,Hirundinidae,LC,LEAST_CONCERN
2481726,Tringa nebularia,"Tringa nebularia (Gunnerus, 1767)",Charadriiformes,Scolopacidae,LC,LEAST_CONCERN
2481703,Xenus cinereus,"Xenus cinereus (Güldenstädt, 1775)",Charadriiformes,Scolopacidae,LC,LEAST_CONCERN
4352332,Phoenicopterus roseus,"Phoenicopterus roseus Pallas, 1811",Phoenicopteriformes,Phoenicopteridae,LC,LEAST_CONCERN
2493248,Pellorneum ruficeps,"Pellorneum ruficeps Swainson, 1832",Passeriformes,Pellorneidae,LC,LEAST_CONCERN
7760921,Psilopogon zeylanicus,"Psilopogon zeylanicus (J.F.Gmelin, 1788)",Piciformes,Megalaimidae,LC,LEAST_CONCERN
6100845,Oenanthe fusca,"Oenanthe fusca (Blyth, 1851)",Passeriformes,Muscicapidae,LC,LEAST_CONCERN
2493971,Dicrurus aeneus,"Dicrurus aeneus Vieillot, 1817",Passeriformes,Dicruridae,LC,LEAST_CONCERN
2490246,Anthus trivialis,"Anthus trivialis (Linnaeus, 1758)",Passeriformes,Motacillidae,LC,LEAST_CONCERN
2486119,Pycnonotus luteolus,"Pycnonotus luteolus (Lesson, 1841)",Passeriformes,Pycnonotidae,LC,LEAST_CONCERN
2493084,Phylloscopus trochiloides,"Phylloscopus trochiloides (Sundevall, 1837)",Passeriformes,Phylloscopidae,LC,LEAST_CONCERN
4408796,Ptyonoprogne rupestris,"Ptyonoprogne rupestris (Scopoli, 1769)",Passeriformes,Hirundinidae,LC,LEAST_CONCERN
2490274,Anthus campestris,"Anthus campestris (Linnaeus, 1758)",Passeriformes,Motacillidae,LC,LEAST_CONCERN
8332393,Spatula clypeata,"Spatula clypeata (Linnaeus, 1758)",Anseriformes,Anatidae,LC,LEAST_CONCERN
5846272,Turdus simillimus,"Turdus simillimus Jerdon, 1839",Passeriformes,Turdidae,LC,LEAST_CONCERN
2493969,Dicrurus paradiseus,"Dicrurus paradiseus (Linnaeus, 1766)",Passeriformes,Dicruridae,LC,LEAST_CONCERN
5788501,Nisaetus cirrhatus,"Nisaetus cirrhatus (Gmelin, 1788)",Accipitriformes,Accipitridae,LC,LEAST_CONCERN
2495757,Treron phoenicopterus,"Treron phoenicopterus (Latham, 1790)",Columbiformes,Columbidae,LC,LEAST_CONCERN
9687165,Motacilla alba,"Motacilla alba Linnaeus, 1758",Passeriformes,Motacillidae,LC,LEAST_CONCERN
4408732,Luscinia svecica,"Luscinia svecica (Linnaeus, 1758)",Passeriformes,Muscicapidae,LC,LEAST_CONCERN
2493332,Pomatorhinus horsfieldii,"Pomatorhinus horsfieldii Sykes, 1832",Passeriformes,Timaliidae,LC,LEAST_CONCERN
2495681,Streptopelia orientalis,"Streptopelia orientalis (Latham, 1790)",Columbiformes,Columbidae,LC,LEAST_CONCERN
5231752,Rhipidura aureola,"Rhipidura aureola Lesson, 1831",Passeriformes,Rhipiduridae,LC,LEAST_CONCERN
2492557,Muscicapa muttui,"Muscicapa muttui (E.L.Layard, 1854)",Passeriformes,Muscicapidae,LC,LEAST_CONCERN
7796884,Psilopogon viridis,"Psilopogon viridis (Boddaert, 1783)",Piciformes,Megalaimidae,LC,LEAST_CONCERN
2498415,Upupa epops,"Upupa epops Linnaeus, 1758",Bucerotiformes,Upupidae,LC,LEAST_CONCERN
6065809,Chroicocephalus brunnicephalus,"Chroicocephalus brunnicephalus (Jerdon, 1840)",Charadriiformes,Laridae,NE,NOT_EVALUATED
5845386,Pastor roseus,"Pastor roseus (Linnaeus, 1758)",Passeriformes,Sturnidae,LC,LEAST_CONCERN
2494022,Ploceus benghalensis,"Ploceus benghalensis (Linnaeus, 1758)",Passeriformes,Ploceidae,LC,LEAST_CONCERN
2475679,Ceryle rudis,"Ceryle rudis (Linnaeus, 1758)",Coraciiformes,Alcedinidae,LC,LEAST_CONCERN
2481174,Larus fuscus,"Larus fuscus Linnaeus, 1758",Charadriiformes,Laridae,LC,LEAST_CONCERN
2473365,Perdicula argoondah,"Perdicula argoondah (Sykes, 1832)",Galliformes,Phasianidae,LC,LEAST_CONCERN
5789039,Myophonus horsfieldii,"Myophonus horsfieldii Vigors, 1831",Passeriformes,Muscicapidae,LC,LEAST_CONCERN
6100968,Gymnoris xanthocollis,"Gymnoris xanthocollis (Burton, 1838)",Passeriformes,Passeridae,LC,LEAST_CONCERN
2486132,Pycnonotus leucotis,"Pycnonotus leucotis (Gould, 1836)",Passeriformes,Pycnonotidae,LC,LEAST_CONCERN
2486772,Coracina melanoptera,"Lalage melanoptera (Rüppell, 1839)",Passeriformes,Campephagidae,LC,LEAST_CONCERN
2496468,Clamator jacobinus,"Clamator jacobinus (Boddaert, 1783)",Cuculiformes,Cuculidae,LC,LEAST_CONCERN
2480685,Hieraaetus pennatus,"Hieraaetus pennatus (Gmelin, 1788)",Accipitriformes,Accipitridae,LC,LEAST_CONCERN
5228199,Gallinula chloropus,"Gallinula chloropus (Linnaeus, 1758)",Gruiformes,Rallidae,LC,LEAST_CONCERN
2490698,Alauda gulgula,"Alauda gulgula Franklin, 1831",Passeriformes,Alaudidae,LC,LEAST_CONCERN
2480478,Butastur teesa,"Butastur teesa (Franklin, 1831)",Accipitriformes,Accipitridae,LC,LEAST_CONCERN
5846407,Petrochelidon fluvicola,"Petrochelidon fluvicola (Blyth, 1855)",Passeriformes,Hirundinidae,LC,LEAST_CONCERN
2481768,Calidris tenuirostris,"Calidris tenuirostris (Horsfield, 1821)",Charadriiformes,Scolopacidae,EN,ENDANGERED
2473696,Galloperdix spadicea,"Galloperdix spadicea (J.F.Gmelin, 1789)",Galliformes,Phasianidae,LC,LEAST_CONCERN
2481236,Hydroprogne caspia,"Hydroprogne caspia (Pallas, 1770)",Charadriiformes,Laridae,LC,LEAST_CONCERN
5231393,Chrysomma sinense,"Chrysomma sinense (Gmelin, 1789)",Passeriformes,Sylviidae,LC,LEAST_CONCERN
9367409,Sterna hirundo,"Sterna hirundo Linnaeus, 1758",Charadriiformes,Laridae,LC,LEAST_CONCERN
2492822,Cisticola juncidis,"Cisticola juncidis (Rafinesque, 1810)",Passeriformes,Cisticolidae,LC,LEAST_CONCERN
2497280,Athene brama,"Athene brama (Temminck, 1821)",Strigiformes,Strigidae,LC,LEAST_CONCERN
9522580,Pterocles exustus,"Pterocles exustus Temminck, 1825",Pteroclidiformes,Pteroclididae,LC,LEAST_CONCERN
2493698,Amandava amandava,"Amandava amandava (Linnaeus, 1758)",Passeriformes,Estrildidae,LC,LEAST_CONCERN
2490955,Monticola solitarius,"Monticola solitarius (Linnaeus, 1758)",Passeriformes,Muscicapidae,LC,LEAST_CONCERN
5739359,Iduna caligata,"Iduna caligata (Lichtenstein, 1823)",Passeriformes,Acrocephalidae,LC,LEAST_CONCERN
5229410,Anastomus oscitans,"Anastomus oscitans (Boddaert, 1783)",Ciconiiformes,Ciconiidae,LC,LEAST_CONCERN
2496852,Caprimulgus atripennis,"Caprimulgus atripennis Jerdon, 1845",Caprimulgiformes,Caprimulgidae,LC,LEAST_CONCERN
9584698,Falco naumanni,"Falco naumanni J.G.Fleischer, 1818",Falconiformes,Falconidae,LC,LEAST_CONCERN
5231910,Cuculus varius,"Hierococcyx varius (Vahl, 1797)",Cuculiformes,Cuculidae,LC,LEAST_CONCERN
5230398,Artamus fuscus,"Artamus fuscus Vieillot, 1817",Passeriformes,Artamidae,LC,LEAST_CONCERN
2481728,Tringa ochropus,"Tringa ochropus Linnaeus, 1758",Charadriiformes,Scolopacidae,LC,LEAST_CONCERN
5227765,Gallus sonneratii,"Gallus sonneratii Temminck, 1813",Galliformes,Phasianidae,LC,LEAST_CONCERN
11746102,Chrysocolaptes socialis,"Chrysocolaptes socialis Koelz, 1939",Piciformes,Picidae,NE,NOT_EVALUATED
5789283,Thalasseus bergii,"Thalasseus bergii (M.H.K.Lichtenstein, 1823)",Charadriiformes,Laridae,LC,LEAST_CONCERN
2495696,Streptopelia decaocto,"Streptopelia decaocto (Frivaldszky, 1838)",Columbiformes,Columbidae,LC,LEAST_CONCERN
2486819,Pericrocotus flammeus,"Pericrocotus flammeus (J.R.Forster, 1781)",Passeriformes,Campephagidae,LC,LEAST_CONCERN
2481819,Gallinago gallinago,"Gallinago gallinago (Linnaeus, 1758)",Charadriiformes,Scolopacidae,LC,LEAST_CONCERN
5231333,Acrocephalus stentoreus,"Acrocephalus stentoreus (Hemprich & Ehrenberg, 1833)",Passeriformes,Acrocephalidae,LC,LEAST_CONCERN
9584952,Phylloscopus nitidus,"Phylloscopus nitidus Blyth, 1843",Passeriformes,Phylloscopidae,LC,LEAST_CONCERN
5229133,Vanellus malabaricus,"Vanellus malabaricus (Boddaert, 1783)",Charadriiformes,Charadriidae,LC,LEAST_CONCERN
5228816,Dinopium benghalense,"Dinopium benghalense (Linnaeus, 1758)",Piciformes,Picidae,LC,LEAST_CONCERN
2493137,Acrocephalus agricola,"Acrocephalus agricola (Jerdon, 1845)",Passeriformes,Acrocephalidae,LC,LEAST_CONCERN
5232251,Otus bakkamoena,"Otus bakkamoena Pennant, 1769",Strigiformes,Strigidae,LC,LEAST_CONCERN
9515886,Hirundo rustica,"Hirundo rustica Linnaeus, 1758",Passeriformes,Hirundinidae,LC,LEAST_CONCERN
6086852,Aethopyga vigorsii,"Aethopyga vigorsii (Sykes, 1832)",Passeriformes,Nectariniidae,LC,LEAST_CONCERN
2480666,Circaetus gallicus,"Circaetus gallicus (Gmelin, 1788)",Accipitriformes,Accipitridae,LC,LEAST_CONCERN
5231383,Alcippe poioicephala,"Alcippe poioicephala (Jerdon, 1844)",Passeriformes,Pellorneidae,LC,LEAST_CONCERN
2481725,Tringa erythropus,"Tringa erythropus (Pallas, 1764)",Charadriiformes,Scolopacidae,LC,LEAST_CONCERN
6088706,Leptocoma minima,"Leptocoma minima (Sykes, 1832)",Passeriformes,Nectariniidae,LC,LEAST_CONCERN
2488929,Irena puella,"Irena puella (Latham, 1790)",Passeriformes,Irenidae,LC,LEAST_CONCERN
2481121,Chlidonias hybrida,"Chlidonias hybrida (Pallas, 1811)",Charadriiformes,Laridae,LC,LEAST_CONCERN
2479399,Loriculus vernalis,"Loriculus vernalis (Sparrman, 1787)",Psittaciformes,Psittacidae,LC,LEAST_CONCERN
2492634,Culicicapa ceylonensis,"Culicicapa ceylonensis (Swainson, 1820)",Passeriformes,Stenostiridae,LC,LEAST_CONCERN
5229239,Sterna aurantia,"Sterna aurantia J.E.Gray, 1831",Charadriiformes,Laridae,VU,VULNERABLE
5231876,Columba elphinstonii,"Columba elphinstonii (Sykes, 1832)",Columbiformes,Columbidae,VU,VULNERABLE
2498375,Mergus serrator,"Mergus serrator Linnaeus, 1758",Anseriformes,Anatidae,LC,LEAST_CONCERN
2478037,Chrysocolaptes festivus,"Chrysocolaptes festivus (Boddaert, 1783)",Piciformes,Picidae,LC,LEAST_CONCERN
2495840,Chalcophaps indica,"Chalcophaps indica (Linnaeus, 1758)",Columbiformes,Columbidae,LC,LEAST_CONCERN
2498027,Anser fabalis,"Anser fabalis (Latham, 1787)",Anseriformes,Anatidae,LC,LEAST_CONCERN
6066037,Burhinus indicus,"Burhinus indicus (Salvadori, 1866)",Charadriiformes,Burhinidae,LC,LEAST_CONCERN
2498112,Anas acuta,"Anas acuta Linnaeus, 1758",Anseriformes,Anatidae,LC,LEAST_CONCERN
5789032,Chloropsis jerdoni,"Chloropsis jerdoni (Blyth, 1844)",Passeriformes,Chloropseidae,LC,LEAST_CONCERN
2496952,Caprimulgus affinis,"Caprimulgus affinis Horsfield, 1821",Caprimulgiformes,Caprimulgidae,LC,LEAST_CONCERN
5231918,Cuculus canorus,"Cuculus canorus Linnaeus, 1758",Cuculiformes,Cuculidae,LC,LEAST_CONCERN
9566476,Emberiza buchanani,"Emberiza buchanani Blyth, 1845",Passeriformes,Emberizidae,LC,LEAST_CONCERN
2481112,Anous tenuirostris,"Anous tenuirostris (Temminck, 1823)",Charadriiformes,Laridae,LC,LEAST_CONCERN
2496944,Caprimulgus asiaticus,"Caprimulgus asiaticus Latham, 1790",Caprimulgiformes,Caprimulgidae,LC,LEAST_CONCERN
2496506,Surniculus lugubris,"Surniculus dicruroides (Hodgson, 1839)",Cuculiformes,Cuculidae,LC,LEAST_CONCERN
9761484,Anas platyrhynchos,"Anas platyrhynchos Linnaeus, 1758",Anseriformes,Anatidae,LC,LEAST_CONCERN
2480509,Aquila clanga,"Clanga clanga (Pallas, 1811)",Accipitriformes,Accipitridae,VU,VULNERABLE
2493067,Phylloscopus tytleri,"Phylloscopus tytleri W.E.Brooks, 1871",Passeriformes,Phylloscopidae,LC,LEAST_CONCERN
2481840,Hydrophasianus chirurgus,"Hydrophasianus chirurgus (Scopoli, 1786)",Charadriiformes,Jacanidae,LC,LEAST_CONCERN
6101234,Treron affinis,"Treron affinis (Jerdon, 1840)",Columbiformes,Columbidae,LC,LEAST_CONCERN
2481719,Tringa stagnatilis,"Tringa stagnatilis (Bechstein, 1803)",Charadriiformes,Scolopacidae,LC,LEAST_CONCERN
2498180,Netta rufina,"Netta rufina (Pallas, 1773)",Anseriformes,Anatidae,LC,LEAST_CONCERN
2481714,Tringa totanus,"Tringa totanus (Linnaeus, 1758)",Charadriiformes,Scolopacidae,LC,LEAST_CONCERN
2474404,Gallicrex cinerea,"Gallicrex cinerea (Gmelin, 1789)",Gruiformes,Rallidae,LC,LEAST_CONCERN
7341877,Parus aplonotus,"Machlolophus aplonotus (Blyth, 1847)",Passeriformes,Paridae,NE,NOT_EVALUATED
6065824,Chroicocephalus ridibundus,"Chroicocephalus ridibundus (Linnaeus, 1766)",Charadriiformes,Laridae,NE,NOT_EVALUATED
2480513,Aquila nipalensis,"Aquila nipalensis Hodgson, 1833",Accipitriformes,Accipitridae,EN,ENDANGERED
2495691,Streptopelia tranquebarica,"Streptopelia tranquebarica (Hermann, 1804)",Columbiformes,Columbidae,LC,LEAST_CONCERN
2493062,Phylloscopus griseolus,"Phylloscopus griseolus Blyth, 1847",Passeriformes,Phylloscopidae,LC,LEAST_CONCERN
2474750,Amaurornis akool,"Zapornia akool (Sykes, 1832)",Gruiformes,Rallidae,LC,LEAST_CONCERN
2480331,Pluvialis fulva,"Pluvialis fulva (J.F.Gmelin, 1789)",Charadriiformes,Charadriidae,LC,LEAST_CONCERN
2480297,Charadrius leschenaultii,Anarhynchus leschenaultii,Charadriiformes,Charadriidae,LC,LEAST_CONCERN
2490681,Calandrella brachydactyla,"Calandrella dukhunensis (Sykes, 1832)",Passeriformes,Alaudidae,LC,LEAST_CONCERN
2493091,Phylloscopus collybita,"Phylloscopus collybita (Vieillot, 1817)",Passeriformes,Phylloscopidae,LC,LEAST_CONCERN
9362027,Mareca strepera,"Mareca strepera (Linnaeus, 1758)",Anseriformes,Anatidae,LC,LEAST_CONCERN
2474163,Coturnix coromandelica,"Coturnix coromandelica (J.F.Gmelin, 1789)",Galliformes,Phasianidae,LC,LEAST_CONCERN
2489507,Pitta brachyura,"Pitta brachyura (Linnaeus, 1766)",Passeriformes,Pittidae,LC,LEAST_CONCERN
2490671,Galerida deva,"Galerida deva (Sykes, 1832)",Passeriformes,Alaudidae,LC,LEAST_CONCERN
2497525,Strix ocellata,"Strix ocellata (R.Lesson, 1839)",Strigiformes,Strigidae,LC,LEAST_CONCERN
2481047,Falco peregrinus,"Falco peregrinus Tunstall, 1771",Falconiformes,Falconidae,LC,LEAST_CONCERN
2496280,Cacomantis sonneratii,"Cacomantis sonneratii (Latham, 1790)",Cuculiformes,Cuculidae,LC,LEAST_CONCERN
2490317,Dendronanthus indicus,"Dendronanthus indicus (Gmelin, 1789)",Passeriformes,Motacillidae,LC,LEAST_CONCERN
2475924,Ocyceros griseus,"Ocyceros griseus (Latham, 1790)",Bucerotiformes,Bucerotidae,VU,VULNERABLE
2480495,Circus pygargus,"Circus pygargus (Linnaeus, 1758)",Accipitriformes,Accipitridae,LC,LEAST_CONCERN
2474622,Porzana fusca,"Zapornia fusca (Linnaeus, 1766)",Gruiformes,Rallidae,LC,LEAST_CONCERN
2493068,Phylloscopus affinis,"Phylloscopus affinis (Tickell, 1833)",Passeriformes,Phylloscopidae,LC,LEAST_CONCERN
2492921,Dumetia hyperythra,"Dumetia hyperythra (Franklin, 1831)",Passeriformes,Timaliidae,LC,LEAST_CONCERN
5229419,Oceanites oceanicus,"Oceanites oceanicus (Kuhl, 1820)",Procellariiformes,Hydrobatidae,LC,LEAST_CONCERN
5231283,Ficedula superciliaris,"Ficedula superciliaris (Jerdon, 1840)",Passeriformes,Muscicapidae,LC,LEAST_CONCERN
9326020,Gallus gallus,"Gallus gallus (Linnaeus, 1758)",Galliformes,Phasianidae,LC,LEAST_CONCERN
9750846,Oriolus chinensis,"Oriolus chinensis Linnaeus, 1766",Passeriformes,Oriolidae,LC,LEAST_CONCERN
2480514,Aquila rapax,"Aquila rapax (Temminck, 1828)",Accipitriformes,Accipitridae,VU,VULNERABLE
6091832,Sturnia blythii,"Sturnia blythii (Jerdon, 1845)",Passeriformes,Sturnidae,NE,NOT_EVALUATED
5844053,Micropternus brachyurus,"Micropternus brachyurus (Vieillot, 1818)",Piciformes,Picidae,LC,LEAST_CONCERN
9444556,Lanius excubitor,"Lanius excubitor Linnaeus, 1758",Passeriformes,Laniidae,LC,LEAST_CONCERN
8000602,Mareca penelope,"Mareca penelope (Linnaeus, 1758)",Anseriformes,Anatidae,LC,LEAST_CONCERN
2490264,Anthus godlewskii,"Anthus godlewskii (Taczanowski, 1876)",Passeriformes,Motacillidae,LC,LEAST_CONCERN
2480491,Circus macrourus,"Circus macrourus (S.G.Gmelin, 1770)",Accipitriformes,Accipitridae,NT,NEAR_THREATENED
6100882,Geokichla citrina,"Geokichla citrina (Latham, 1790)",Passeriformes,Turdidae,LC,LEAST_CONCERN
2480898,Egretta gularis,"Egretta gularis (Bosc, 1792)",Pelecaniformes,Ardeidae,LC,LEAST_CONCERN
2481776,Arenaria interpres,"Arenaria interpres (Linnaeus, 1758)",Charadriiformes,Scolopacidae,NT,NEAR_THREATENED
5789316,Tyto javanica,"Tyto javanica (J.F.Gmelin, 1788)",Strigiformes,Tytonidae,NE,NOT_EVALUATED
2493618,Lonchura striata,"Lonchura striata (Linnaeus, 1766)",Passeriformes,Estrildidae,LC,LEAST_CONCERN
2481685,Limosa limosa,"Limosa limosa (Linnaeus, 1758)",Charadriiformes,Scolopacidae,NT,NEAR_THREATENED
2480824,Butorides striata,"Butorides striata (Linnaeus, 1758)",Pelecaniformes,Ardeidae,LC,LEAST_CONCERN
7537888,Calidris falcinellus,"Calidris falcinellus (Pontoppidan, 1763)",Charadriiformes,Scolopacidae,VU,VULNERABLE
6065833,Thalasseus bengalensis,"Thalasseus bengalensis (R.Lesson, 1831)",Charadriiformes,Laridae,LC,LEAST_CONCERN
5739357,Iduna rama,"Iduna rama (Sykes, 1832)",Passeriformes,Acrocephalidae,LC,LEAST_CONCERN
5844449,Aquila fasciata,"Aquila fasciata Vieillot, 1822",Accipitriformes,Accipitridae,LC,LEAST_CONCERN
2480696,Neophron percnopterus,"Neophron percnopterus (Linnaeus, 1758)",Accipitriformes,Accipitridae,EN,ENDANGERED
2498001,Sarkidiornis melanotos,"Sarkidiornis melanotos (Pennant, 1769)",Anseriformes,Anatidae,LC,LEAST_CONCERN
5227907,Francolinus pictus,"Francolinus pictus (Jardine & Selby, 1828)",Galliformes,Phasianidae,LC,LEAST_CONCERN
2498036,Anser anser,"Anser anser (Linnaeus, 1758)",Anseriformes,Anatidae,LC,LEAST_CONCERN
2480743,Cursorius coromandelicus,"Cursorius coromandelicus (J.F.Gmelin, 1789)",Charadriiformes,Glareolidae,LC,LEAST_CONCERN
2481740,Calidris temminckii,"Calidris temminckii (Leisler, 1812)",Charadriiformes,Scolopacidae,LC,LEAST_CONCERN
2482029,Rostratula benghalensis,"Rostratula benghalensis (Linnaeus, 1758)",Charadriiformes,Rostratulidae,LC,LEAST_CONCERN
2480259,Recurvirostra avosetta,"Recurvirostra avosetta Linnaeus, 1758",Charadriiformes,Recurvirostridae,LC,LEAST_CONCERN
9509689,Caprimulgus indicus,"Caprimulgus indicus Latham, 1790",Caprimulgiformes,Caprimulgidae,LC,LEAST_CONCERN
2473356,Perdicula asiatica,"Perdicula asiatica (Latham, 1790)",Galliformes,Phasianidae,LC,LEAST_CONCERN
2475365,Coracias garrulus,"Coracias garrulus Linnaeus, 1758",Coraciiformes,Coraciidae,LC,LEAST_CONCERN
5231007,Monticola cinclorhynchus,"Monticola cinclorhynchus (Vigors, 1832)",Passeriformes,Muscicapidae,LC,LEAST_CONCERN
2482081,Anhinga melanogaster,"Anhinga melanogaster Pennant, 1769",Suliformes,Anhingidae,LC,LEAST_CONCERN
2495934,Ducula aenea,"Ducula aenea (Linnaeus, 1766)",Columbiformes,Columbidae,NT,NEAR_THREATENED
7340545,Turdoides subrufa,"Argya subrufa (Jerdon, 1839)",Passeriformes,Leiothrichidae,LC,LEAST_CONCERN
2497840,Ninox scutulata,"Ninox scutulata (Raffles, 1822)",Strigiformes,Strigidae,LC,LEAST_CONCERN
2497546,Strix leptogrammica,"Strix leptogrammica Temminck, 1832",Strigiformes,Strigidae,LC,LEAST_CONCERN
2498009,Tadorna tadorna,"Tadorna tadorna (Linnaeus, 1758)",Anseriformes,Anatidae,LC,LEAST_CONCERN
2474950,Grus grus,"Grus grus (Linnaeus, 1758)",Gruiformes,Gruidae,LC,LEAST_CONCERN
2492846,Lanius cristatus,"Lanius cristatus Linnaeus, 1758",Passeriformes,Laniidae,LC,LEAST_CONCERN
2493069,Phylloscopus magnirostris,"Phylloscopus magnirostris Blyth, 1843",Passeriformes,Phylloscopidae,LC,LEAST_CONCERN
7788295,Haematopus ostralegus,"Haematopus ostralegus Linnaeus, 1758",Charadriiformes,Haematopodidae,NT,NEAR_THREATENED
2480564,Buteo rufinus,"Buteo rufinus (Cretzschmar, 1829)",Accipitriformes,Accipitridae,LC,LEAST_CONCERN
2474936,Anthropoides virgo,"Anthropoides virgo (Linnaeus, 1758)",Gruiformes,Gruidae,LC,LEAST_CONCERN
2481912,Ciconia ciconia,"Ciconia ciconia (Linnaeus, 1758)",Ciconiiformes,Ciconiidae,LC,LEAST_CONCERN
5232328,Otus sunia,"Otus sunia (Hodgson, 1836)",Strigiformes,Strigidae,LC,LEAST_CONCERN
8028588,Ichthyaetus ichthyaetus,"Ichthyaetus ichthyaetus (Pallas, 1773)",Charadriiformes,Laridae,NE,NOT_EVALUATED
2492865,Lanius isabellinus,"Lanius isabellinus Hemprich & Ehrenberg, 1833",Passeriformes,Laniidae,LC,LEAST_CONCERN
5229198,Ictinaetus malayensis,"Ictinaetus malayensis (Temminck, 1822)",Accipitriformes,Accipitridae,LC,LEAST_CONCERN
6085868,Pycnonotus gularis,"Rubigula gularis (Gould, 1836)",Passeriformes,Pycnonotidae,LC,LEAST_CONCERN
8908559,Leiopicus mahrattensis,"Leiopicus mahrattensis (Latham, 1801)",Piciformes,Picidae,LC,LEAST_CONCERN
2490788,Turdus unicolor,"Turdus unicolor Tickell, 1833",Passeriformes,Turdidae,LC,LEAST_CONCERN
7340590,Turdoides caudata,"Argya caudata (Dumont, 1823)",Passeriformes,Leiothrichidae,LC,LEAST_CONCERN
2474982,Turnix suscitator,"Turnix suscitator (J.F.Gmelin, 1789)",Charadriiformes,Turnicidae,LC,LEAST_CONCERN
2490244,Anthus hodgsoni,"Anthus hodgsoni Richmond, 1907",Passeriformes,Motacillidae,LC,LEAST_CONCERN
6100817,Acritillas indica,"Acritillas indica (Jerdon, 1839)",Passeriformes,Pycnonotidae,LC,LEAST_CONCERN
2477226,Aerodramus unicolor,"Aerodramus unicolor (Jerdon, 1840)",Apodiformes,Apodidae,LC,LEAST_CONCERN
2475419,Merops persicus,"Merops persicus Pallas, 1773",Coraciiformes,Meropidae,LC,LEAST_CONCERN
2474628,Porzana pusilla,"Zapornia pusilla (Pallas, 1776)",Gruiformes,Rallidae,LC,LEAST_CONCERN
5231244,Oenanthe deserti,"Oenanthe deserti (Temminck, 1825)",Passeriformes,Muscicapidae,LC,LEAST_CONCERN
5231904,Cuculus micropterus,"Cuculus micropterus Gould, 1838",Cuculiformes,Cuculidae,LC,LEAST_CONCERN
2480537,Buteo buteo,"Buteo buteo (Linnaeus, 1758)",Accipitriformes,Accipitridae,LC,LEAST_CONCERN
7341536,Eumyias thalassinus,"Eumyias thalassinus (Swainson, 1838)",Passeriformes,Muscicapidae,LC,LEAST_CONCERN
2490292,Anthus similis,"Anthus similis (Jerdon, 1840)",Passeriformes,Motacillidae,LC,LEAST_CONCERN
9465111,Anthus richardi,"Anthus richardi Vieillot, 1818",Passeriformes,Motacillidae,LC,LEAST_CONCERN
2480455,Haliaeetus leucogaster,"Icthyophaga leucogaster (J.F.Gmelin, 1788)",Accipitriformes,Accipitridae,LC,LEAST_CONCERN
2481748,Calidris alba,"Calidris alba (Pallas, 1764)",Charadriiformes,Scolopacidae,LC,LEAST_CONCERN
2498035,Anser indicus,"Anser indicus (Latham, 1790)",Anseriformes,Anatidae,LC,LEAST_CONCERN
9613112,Emberiza melanocephala,"Emberiza melanocephala Scopoli, 1769",Passeriformes,Emberizidae,LC,LEAST_CONCERN
2474621,Porzana porzana,"Porzana porzana (Linnaeus, 1766)",Gruiformes,Rallidae,LC,LEAST_CONCERN
2475988,Anthracoceros coronatus,"Anthracoceros coronatus (Boddaert, 1783)",Bucerotiformes,Bucerotidae,NT,NEAR_THREATENED
2480755,Glareola lactea,"Glareola lactea Temminck, 1820",Charadriiformes,Glareolidae,LC,LEAST_CONCERN
2481792,Numenius arquata,"Numenius arquata (Linnaeus, 1758)",Charadriiformes,Scolopacidae,NT,NEAR_THREATENED
6065810,Chroicocephalus genei,"Chroicocephalus genei (Brème, 1839)",Charadriiformes,Laridae,NE,NOT_EVALUATED
8966665,Yungipicus nanus,"Yungipicus nanus (Vigors, 1832)",Piciformes,Picidae,NE,NOT_EVALUATED
5231264,Luscinia brunnea,"Larvivora brunnea Hodgson, 1837",Passeriformes,Muscicapidae,LC,LEAST_CONCERN
2481741,Calidris ferruginea,"Calidris ferruginea (Pontoppidan, 1763)",Charadriiformes,Scolopacidae,VU,VULNERABLE
2486823,Pericrocotus erythropygius,"Pericrocotus erythropygius (Jerdon, 1840)",Passeriformes,Campephagidae,LC,LEAST_CONCERN
5229249,Sterna dougallii,"Sterna dougallii Montagu, 1813",Charadriiformes,Laridae,LC,LEAST_CONCERN
2481828,Gallinago stenura,"Gallinago stenura (Bonaparte, 1831)",Charadriiformes,Scolopacidae,LC,LEAST_CONCERN
5228386,Ceyx erithaca,"Ceyx erithaca (Linnaeus, 1758)",Coraciiformes,Alcedinidae,NT,NEAR_THREATENED
2477443,Hemiprocne coronata,"Hemiprocne coronata (Tickell, 1833)",Apodiformes,Hemiprocnidae,LC,LEAST_CONCERN
2493548,Locustella naevia,"Locustella naevia (Boddaert, 1783)",Passeriformes,Locustellidae,LC,LEAST_CONCERN
2484722,Dicaeum concolor,"Dicaeum concolor Jerdon, 1840",Passeriformes,Dicaeidae,LC,LEAST_CONCERN
2497755,Otus brucei,"Otus brucei (Hume, 1872)",Strigiformes,Strigidae,LC,LEAST_CONCERN
2496474,Taccocua leschenaultii,"Taccocua leschenaultii Lesson, 1830",Cuculiformes,Cuculidae,LC,LEAST_CONCERN
2481909,Ciconia nigra,"Ciconia nigra (Linnaeus, 1758)",Ciconiiformes,Ciconiidae,LC,LEAST_CONCERN
2481035,Falco subbuteo,"Falco subbuteo Linnaeus, 1758",Falconiformes,Falconidae,LC,LEAST_CONCERN
2475494,Alcedo meninting,"Alcedo meninting Horsfield, 1821",Coraciiformes,Alcedinidae,LC,LEAST_CONCERN
2490728,Turdus obscurus,"Turdus obscurus Gmelin, 1789",Passeriformes,Turdidae,LC,LEAST_CONCERN
2480910,Botaurus stellaris,"Botaurus stellaris (Linnaeus, 1758)",Pelecaniformes,Ardeidae,LC,LEAST_CONCERN
5789286,Onychoprion anaethetus,"Onychoprion anaethetus (Scopoli, 1786)",Charadriiformes,Laridae,LC,LEAST_CONCERN
2481784,Numenius phaeopus,"Numenius phaeopus (Linnaeus, 1758)",Charadriiformes,Scolopacidae,LC,LEAST_CONCERN
2481681,Limosa lapponica,"Limosa lapponica (Linnaeus, 1758)",Charadriiformes,Scolopacidae,NT,NEAR_THREATENED
2493055,Phylloscopus occipitalis,"Phylloscopus occipitalis (Blyth, 1845)",Passeriformes,Phylloscopidae,LC,LEAST_CONCERN
2493967,Dicrurus hottentottus,"Dicrurus hottentottus (Linnaeus, 1766)",Passeriformes,Dicruridae,LC,LEAST_CONCERN
5231342,Rhopocichla atriceps,"Dumetia atriceps (Jerdon, 1839)",Passeriformes,Timaliidae,LC,LEAST_CONCERN
2498259,Aythya nyroca,"Aythya nyroca (Güldenstädt, 1770)",Anseriformes,Anatidae,NT,NEAR_THREATENED
2481240,Thalasseus sandvicensis,"Thalasseus sandvicensis (Latham, 1787)",Charadriiformes,Laridae,LC,LEAST_CONCERN
2480383,Gyps bengalensis,"Gyps bengalensis (Gmelin, 1788)",Accipitriformes,Accipitridae,CR,CRITICALLY_ENDANGERED
8012314,Jynx torquilla,"Jynx torquilla Linnaeus, 1758",Piciformes,Picidae,LC,LEAST_CONCERN
2480757,Glareola pratincola,"Glareola pratincola (Linnaeus, 1766)",Charadriiformes,Glareolidae,LC,LEAST_CONCERN
6066180,Icthyophaga ichthyaetus,"Icthyophaga ichthyaetus (Horsfield, 1821)",Accipitriformes,Accipitridae,NT,NEAR_THREATENED
2480717,Sarcogyps calvus,"Sarcogyps calvus (Scopoli, 1786)",Accipitriformes,Accipitridae,CR,CRITICALLY_ENDANGERED
7342065,Sylvia crassirostris,"Curruca crassirostris (Cretzschmar, 1830)",Passeriformes,Sylviidae,LC,LEAST_CONCERN
2481759,Calidris alpina,"Calidris alpina (Linnaeus, 1758)",Charadriiformes,Scolopacidae,NT,NEAR_THREATENED
2474525,Gallirallus striatus,"Lewinia striata (Linnaeus, 1766)",Gruiformes,Rallidae,LC,LEAST_CONCERN
2480206,Pterocles indicus,"Pterocles indicus (Gmelin, 1789)",Pteroclidiformes,Pteroclididae,LC,LEAST_CONCERN
2491521,Emberiza bruniceps,"Emberiza bruniceps J.F.Brandt, 1841",Passeriformes,Emberizidae,LC,LEAST_CONCERN
2493608,Lonchura kelaarti,"Lonchura kelaarti (Jerdon, 1863)",Passeriformes,Estrildidae,LC,LEAST_CONCERN
2480185,Fregata andrewsi,"Fregata andrewsi Mathews, 1914",Suliformes,Fregatidae,VU,VULNERABLE
5232051,Harpactes fasciatus,"Harpactes fasciatus (Pennant, 1769)",Trogoniformes,Trogonidae,LC,LEAST_CONCERN
2480385,Gyps indicus,"Gyps indicus (Scopoli, 1786)",Accipitriformes,Accipitridae,CR,CRITICALLY_ENDANGERED
6101024,Iduna aedon,"Arundinax aedon (Pallas, 1776)",Passeriformes,Acrocephalidae,NE,NOT_EVALUATED
2480759,Glareola maldivarum,"Glareola maldivarum J.R.Forster, 1795",Charadriiformes,Glareolidae,LC,LEAST_CONCERN
5229132,Vanellus duvaucelii,"Vanellus duvaucelii (R.Lesson, 1826)",Charadriiformes,Charadriidae,NT,NEAR_THREATENED
5232229,Ketupa zeylonensis,"Ketupa zeylonensis (J.F.Gmelin, 1788)",Strigiformes,Strigidae,LC,LEAST_CONCERN
7342071,Hypsipetes ganeesa,"Hypsipetes ganeesa Sykes, 1832",Passeriformes,Pycnonotidae,LC,LEAST_CONCERN
2489004,Acridotheres ginginianus,"Acridotheres ginginianus (Latham, 1790)",Passeriformes,Sturnidae,LC,LEAST_CONCERN
2474627,Porzana parva,"Zapornia parva (Scopoli, 1769)",Gruiformes,Rallidae,LC,LEAST_CONCERN
2492558,Muscicapa ruficauda,"Ficedula ruficauda (Swainson, 1838)",Passeriformes,Muscicapidae,LC,LEAST_CONCERN
2481765,Calidris canutus,"Calidris canutus (Linnaeus, 1758)",Charadriiformes,Scolopacidae,NT,NEAR_THREATENED
2482089,Esacus recurvirostris,"Esacus recurvirostris (Cuvier, 1829)",Charadriiformes,Burhinidae,NT,NEAR_THREATENED
2493095,Phylloscopus inornatus,"Phylloscopus inornatus (Blyth, 1842)",Passeriformes,Phylloscopidae,LC,LEAST_CONCERN
2478592,Hemicircus canente,"Hemicircus canente (R.Lesson, 1832)",Piciformes,Picidae,LC,LEAST_CONCERN
2497135,Batrachostomus moniliger,"Batrachostomus moniliger Blyth, 1849",Caprimulgiformes,Podargidae,LC,LEAST_CONCERN
2484653,Arachnothera longirostra,"Arachnothera longirostra (Latham, 1790)",Passeriformes,Nectariniidae,LC,LEAST_CONCERN
2475392,Merops leschenaulti,"Merops leschenaulti Vieillot, 1817",Coraciiformes,Meropidae,LC,LEAST_CONCERN
6101031,Pericrocotus speciosus,"Pericrocotus speciosus (Latham, 1790)",Passeriformes,Campephagidae,NE,NOT_EVALUATED
2497295,Asio flammeus,"Asio flammeus (Pontoppidan, 1763)",Strigiformes,Strigidae,LC,LEAST_CONCERN
5228417,Pelargopsis capensis,"Pelargopsis capensis (Linnaeus, 1766)",Coraciiformes,Alcedinidae,LC,LEAST_CONCERN
2474831,Rallus aquaticus,"Rallus aquaticus Linnaeus, 1758",Gruiformes,Rallidae,LC,LEAST_CONCERN
2475458,Nyctyornis athertoni,"Nyctyornis athertoni (Jardine & Selby, 1828)",Coraciiformes,Meropidae,LC,LEAST_CONCERN
2495776,Treron bicinctus,"Treron bicinctus (Jerdon, 1840)",Columbiformes,Columbidae,LC,LEAST_CONCERN
2473362,Perdicula erythrorhyncha,"Perdicula erythrorhyncha (Sykes, 1832)",Galliformes,Phasianidae,LC,LEAST_CONCERN
2480998,Falco amurensis,"Falco amurensis Radde, 1863",Falconiformes,Falconidae,LC,LEAST_CONCERN
9758793,Cyornis pallidipes,"Cyornis pallidipes (Jerdon, 1840)",Passeriformes,Muscicapidae,LC,LEAST_CONCERN
2486748,Hemipus picatus,"Hemipus picatus (Sykes, 1832)",Passeriformes,Tephrodornithidae,LC,LEAST_CONCERN
6088887,Tephrodornis sylvicola,"Tephrodornis sylvicola Jerdon, 1839",Passeriformes,Tephrodornithidae,LC,LEAST_CONCERN
2481621,Stercorarius parasiticus,"Stercorarius parasiticus (Linnaeus, 1758)",Charadriiformes,Stercorariidae,LC,LEAST_CONCERN
5229054,Psittacula columboides,"Psittacula columboides (Vigors, 1830)",Psittaciformes,Psittacidae,LC,LEAST_CONCERN
2493124,Acrocephalus melanopogon,"Acrocephalus melanopogon (Temminck, 1823)",Passeriformes,Acrocephalidae,LC,LEAST_CONCERN
2487575,Salpornis spilonotus,"Salpornis spilonotus (Franklin, 1831)",Passeriformes,Certhiidae,LC,LEAST_CONCERN
9610931,Sitta frontalis,"Sitta frontalis Swainson, 1820",Passeriformes,Sittidae,LC,LEAST_CONCERN
5229230,Sterna paradisaea,"Sterna paradisaea Pontoppidan, 1763",Charadriiformes,Laridae,LC,LEAST_CONCERN
5231245,Oenanthe isabellina,"Oenanthe isabellina (Temminck, 1829)",Passeriformes,Muscicapidae,LC,LEAST_CONCERN
2474156,Coturnix coturnix,"Coturnix coturnix (Linnaeus, 1758)",Galliformes,Phasianidae,LC,LEAST_CONCERN
5228310,Halcyon pileata,"Halcyon pileata (Boddaert, 1783)",Coraciiformes,Alcedinidae,VU,VULNERABLE
2480967,Sula dactylatra,"Sula dactylatra Lesson, 1831",Suliformes,Sulidae,LC,LEAST_CONCERN
5228719,Picumnus innominatus,"Picumnus innominatus Burton, 1836",Piciformes,Picidae,LC,LEAST_CONCERN
5229145,Vanellus cinereus,"Vanellus cinereus (Blyth, 1842)",Charadriiformes,Charadriidae,LC,LEAST_CONCERN
2497464,Heteroglaux blewitti,"Athene blewitti (Hume, 1873)",Strigiformes,Strigidae,EN,ENDANGERED
2475001,Turnix sylvaticus,"Turnix sylvaticus (Desfontaines, 1789)",Charadriiformes,Turnicidae,LC,LEAST_CONCERN
6065768,Sternula saundersi,"Sternula saundersi (Hume, 1877)",Charadriiformes,Laridae,LC,LEAST_CONCERN
2480186,Fregata ariel,"Fregata ariel (G.R.Gray, 1845)",Suliformes,Fregatidae,LC,LEAST_CONCERN
2480999,Falco jugger,"Falco jugger J.E.Gray, 1834",Falconiformes,Falconidae,NT,NEAR_THREATENED
2495993,Ducula badia,"Ducula cuprea (Jerdon, 1840)",Columbiformes,Columbidae,LC,LEAST_CONCERN
2475443,Merops apiaster,"Merops apiaster Linnaeus, 1758",Coraciiformes,Meropidae,LC,LEAST_CONCERN
2474460,Rallina eurizonoides,"Rallina eurizonoides (Lafresnaye, 1845)",Gruiformes,Rallidae,LC,LEAST_CONCERN
5739290,Phalaropus lobatus,"Phalaropus lobatus (Linnaeus, 1758)",Charadriiformes,Scolopacidae,LC,LEAST_CONCERN
2481835,Lymnocryptes minimus,"Lymnocryptes minimus (Brünnich, 1764)",Charadriiformes,Scolopacidae,LC,LEAST_CONCERN
5229267,Sterna repressa,"Sterna repressa E.Hartert, 1916",Charadriiformes,Laridae,LC,LEAST_CONCERN
2492746,Prinia buchanani,"Prinia buchanani Blyth, 1844",Passeriformes,Cisticolidae,LC,LEAST_CONCERN
5789284,Onychoprion fuscatus,"Onychoprion fuscatus (Linnaeus, 1766)",Charadriiformes,Laridae,LC,LEAST_CONCERN
2481750,Calidris subminuta,"Calidris subminuta (Middendorff, 1853)",Charadriiformes,Scolopacidae,LC,LEAST_CONCERN
2480500,Aquila heliaca,"Aquila heliaca Savigny, 1809",Accipitriformes,Accipitridae,VU,VULNERABLE
5789153,Schoenicola platyurus,"Schoenicola platyurus (Jerdon, 1841)",Passeriformes,Locustellidae,NT,NEAR_THREATENED
2474945,Grus antigone,"Antigone antigone (Linnaeus, 1758)",Gruiformes,Gruidae,VU,VULNERABLE
5231927,Cuculus poliocephalus,"Cuculus poliocephalus Latham, 1790",Cuculiformes,Cuculidae,LC,LEAST_CONCERN
2481609,Stercorarius pomarinus,"Stercorarius pomarinus (Temminck, 1815)",Charadriiformes,Stercorariidae,LC,LEAST_CONCERN
5229045,Psittacula alexandri,"Psittacula alexandri (Linnaeus, 1758)",Psittaciformes,Psittacidae,NT,NEAR_THREATENED
8157718,Psilopogon malabaricus,"Psilopogon malabaricus (Blyth, 1847)",Piciformes,Megalaimidae,LC,LEAST_CONCERN
5229147,Vanellus leucurus,"Vanellus leucurus (M.H.K.Lichtenstein, 1823)",Charadriiformes,Charadriidae,LC,LEAST_CONCERN
2481207,Rynchops albicollis,"Rynchops albicollis Swainson, 1838",Charadriiformes,Laridae,EN,ENDANGERED
2492391,Cyanoptila cyanomelana,"Cyanoptila cyanomelana (Temminck, 1829)",Passeriformes,Muscicapidae,LC,LEAST_CONCERN
2480841,Gorsachius melanolophus,"Gorsachius melanolophus (Raffles, 1822)",Pelecaniformes,Ardeidae,LC,LEAST_CONCERN
2478522,Picus xanthopygaeus,"Picus xanthopygaeus (J.E.Gray & G.R.Gray, 1847)",Piciformes,Picidae,LC,LEAST_CONCERN
5231392,Megalurus palustris,"Megalurus palustris Horsfield, 1821",Passeriformes,Locustellidae,LC,LEAST_CONCERN
9573362,Picus chlorolophus,"Picus chlorolophus Vieillot, 1818",Piciformes,Picidae,LC,LEAST_CONCERN
2490283,Anthus cervinus,"Anthus cervinus (Pallas, 1811)",Passeriformes,Motacillidae,LC,LEAST_CONCERN
2492434,Cyornis rubeculoides,"Cyornis rubeculoides (Vigors, 1831)",Passeriformes,Muscicapidae,LC,LEAST_CONCERN
9566659,Charadrius hiaticula,"Charadrius hiaticula Linnaeus, 1758",Charadriiformes,Charadriidae,LC,LEAST_CONCERN
2480389,Gyps fulvus,"Gyps fulvus (Hablizl, 1783)",Accipitriformes,Accipitridae,LC,LEAST_CONCERN
2493324,Turdoides affinis,"Argya affinis (Jerdon, 1845)",Passeriformes,Leiothrichidae,LC,LEAST_CONCERN
5229171,Circus melanoleucos,"Circus melanoleucos (Pennant, 1769)",Accipitriformes,Accipitridae,LC,LEAST_CONCERN
7340331,Riparia chinensis,"Riparia chinensis (J.E.Gray, 1830)",Passeriformes,Hirundinidae,LC,LEAST_CONCERN
2492576,Muscicapa striata,"Muscicapa striata (Pallas, 1764)",Passeriformes,Muscicapidae,LC,LEAST_CONCERN
2474968,Turnix tanki,"Turnix tanki Blyth, 1843",Charadriiformes,Turnicidae,LC,LEAST_CONCERN
2482003,Oceanodroma monorhis,"Hydrobates monorhis (Swinhoe, 1867)",Procellariiformes,Hydrobatidae,NT,NEAR_THREATENED
6095444,Apus leuconyx,"Apus leuconyx (Blyth, 1845)",Apodiformes,Apodidae,NE,NOT_EVALUATED
12210360,Ketupa coromanda,"Ketupa coromanda (Latham, 1790)",Strigiformes,Strigidae,NE,NOT_EVALUATED
5229390,Phalaropus fulicarius,"Phalaropus fulicarius (Linnaeus, 1758)",Charadriiformes,Scolopacidae,LC,LEAST_CONCERN
9561629,Gyps himalayensis,"Gyps himalayensis Hume, 1869",Accipitriformes,Accipitridae,NT,NEAR_THREATENED
2489160,Riparia riparia,"Riparia riparia (Linnaeus, 1758)",Passeriformes,Hirundinidae,LC,LEAST_CONCERN
5228839,Dryocopus javensis,"Dryocopus javensis (Horsfield, 1821)",Piciformes,Picidae,LC,LEAST_CONCERN
2494036,Ploceus manyar,"Ploceus manyar (Horsfield, 1821)",Passeriformes,Ploceidae,LC,LEAST_CONCERN
5789152,Chaetornis striata,"Schoenicola striatus (Jerdon, 1841)",Passeriformes,Locustellidae,VU,VULNERABLE
5229261,Sterna acuticauda,"Sterna acuticauda J.E.Gray, 1831",Charadriiformes,Laridae,EN,ENDANGERED
5231269,Ficedula subrubra,"Ficedula subrubra (Hartert & F.Steinbacher, 1934)",Passeriformes,Muscicapidae,VU,VULNERABLE
2491489,Emberiza stewarti,"Emberiza stewarti (Blyth, 1854)",Passeriformes,Emberizidae,LC,LEAST_CONCERN
2481120,Chlidonias leucopterus,"Chlidonias leucopterus (Temminck, 1815)",Charadriiformes,Laridae,LC,LEAST_CONCERN
2480308,Charadrius asiaticus,Anarhynchus asiaticus,Charadriiformes,Charadriidae,LC,LEAST_CONCERN
2488999,Gracula religiosa,"Gracula religiosa Linnaeus, 1758",Passeriformes,Sturnidae,LC,LEAST_CONCERN
5231238,Oenanthe picata,"Oenanthe picata (Blyth, 1847)",Passeriformes,Muscicapidae,LC,LEAST_CONCERN
2481205,Rissa tridactyla,"Rissa tridactyla (Linnaeus, 1758)",Charadriiformes,Laridae,VU,VULNERABLE
2490669,Galerida cristata,"Galerida cristata (Linnaeus, 1758)",Passeriformes,Alaudidae,LC,LEAST_CONCERN
2480449,Haliaeetus albicilla,"Haliaeetus albicilla (Linnaeus, 1758)",Accipitriformes,Accipitridae,LC,LEAST_CONCERN
7982160,Larus canus,"Larus canus Linnaeus, 1758",Charadriiformes,Laridae,LC,LEAST_CONCERN
9751099,Cairina moschata,"Cairina moschata (Linnaeus, 1758)",Anseriformes,Anatidae,LC,LEAST_CONCERN
2480972,Sula sula,"Sula sula (Linnaeus, 1766)",Suliformes,Sulidae,LC,LEAST_CONCERN
2498017,Anser albifrons,"Anser albifrons (Scopoli, 1769)",Anseriformes,Anatidae,LC,LEAST_CONCERN
2482054,Podiceps cristatus,"Podiceps cristatus (Linnaeus, 1758)",Podicipediformes,Podicipedidae,LC,LEAST_CONCERN
2495005,Hypocolius ampelinus,"Hypocolius ampelinus Bonaparte, 1850",Passeriformes,Hypocoliidae,LC,LEAST_CONCERN
2489214,Delichon urbicum,"Delichon urbicum (Linnaeus, 1758)",Passeriformes,Hirundinidae,LC,LEAST_CONCERN
5229138,Vanellus gregarius,"Vanellus gregarius (Pallas, 1771)",Charadriiformes,Charadriidae,CR,CRITICALLY_ENDANGERED
2496847,Caprimulgus mahrattensis,"Caprimulgus mahrattensis Sykes, 1832",Caprimulgiformes,Caprimulgidae,LC,LEAST_CONCERN
2490303,Motacilla tschutschensis,"Motacilla tschutschensis Gmelin, 1789",Passeriformes,Motacillidae,LC,LEAST_CONCERN
5788504,Nisaetus kelaarti,"Nisaetus kelaarti (Legge, 1878)",Accipitriformes,Accipitridae,NE,NOT_EVALUATED
2497701,Otus scops,"Otus scops (Linnaeus, 1758)",Strigiformes,Strigidae,LC,LEAST_CONCERN
5231233,Oenanthe pleschanka,"Oenanthe pleschanka (Lepechin, 1770)",Passeriformes,Muscicapidae,LC,LEAST_CONCERN
5229199,Dromas ardeola,"Dromas ardeola Paykull, 1805",Charadriiformes,Dromadidae,LC,LEAST_CONCERN
2486813,Pericrocotus ethologus,"Pericrocotus ethologus Bangs & J.C.Phillips, 1914",Passeriformes,Campephagidae,LC,LEAST_CONCERN
2473700,Galloperdix lunulata,"Galloperdix lunulata (Valenciennes, 1825)",Galliformes,Phasianidae,LC,LEAST_CONCERN
2493019,Seicercus burkii,"Phylloscopus burkii (Burton, 1836)",Passeriformes,Phylloscopidae,LC,LEAST_CONCERN
2481213,Gygis alba,"Gygis alba (Sparrman, 1786)",Charadriiformes,Laridae,LC,LEAST_CONCERN
2481905,Ephippiorhynchus asiaticus,"Ephippiorhynchus asiaticus (Latham, 1790)",Ciconiiformes,Ciconiidae,NT,NEAR_THREATENED
2479798,Melopsittacus undulatus,"Melopsittacus undulatus (Shaw, 1805)",Psittaciformes,Psittacidae,LC,LEAST_CONCERN
2477342,Zoonavena sylvatica,"Zoonavena sylvatica (Tickell, 1846)",Apodiformes,Apodidae,LC,LEAST_CONCERN
2486789,Coracina melaschistos,"Lalage melaschistos (Hodgson, 1836)",Passeriformes,Campephagidae,LC,LEAST_CONCERN
2492521,Saxicola rubetra,"Saxicola rubetra (Linnaeus, 1758)",Passeriformes,Muscicapidae,LC,LEAST_CONCERN
2487395,Cephalopyrus flammiceps,"Cephalopyrus flammiceps (Burton, 1836)",Passeriformes,Remizidae,LC,LEAST_CONCERN
5231900,Cuculus sparverioides,"Hierococcyx sparverioides (Vigors, 1832)",Cuculiformes,Cuculidae,NE,NOT_EVALUATED
2490956,Monticola saxatilis,"Monticola saxatilis (Linnaeus, 1766)",Passeriformes,Muscicapidae,LC,LEAST_CONCERN
2480420,Pernis apivorus,"Pernis apivorus (Linnaeus, 1758)",Accipitriformes,Accipitridae,LC,LEAST_CONCERN
5788511,Lophotriorchis kienerii,"Lophotriorchis kienerii (Sparre, 1835)",Accipitriformes,Accipitridae,NT,NEAR_THREATENED
9743996,Phaethon aethereus,"Phaethon aethereus Linnaeus, 1758",Phaethontiformes,Phaethontidae,LC,LEAST_CONCERN
12232620,Ketupa nipalensis,"Ketupa nipalensis (Hodgson, 1836)",Strigiformes,Strigidae,NE,NOT_EVALUATED
2492963,Sylvia nana,"Curruca nana Hemprich & Ehrenberg, 1833",Passeriformes,Sylviidae,LC,LEAST_CONCERN
9480191,Mareca falcata,"Mareca falcata (Georgi, 1775)",Anseriformes,Anatidae,LC,LEAST_CONCERN
9512459,Anous stolidus,"Anous stolidus (Linnaeus, 1758)",Charadriiformes,Laridae,LC,LEAST_CONCERN
5230986,Calandrella acutirostris,"Calandrella acutirostris Hume, 1873",Passeriformes,Alaudidae,LC,LEAST_CONCERN
2480975,Sula leucogaster,"Sula leucogaster (Boddaert, 1783)",Suliformes,Sulidae,LC,LEAST_CONCERN
2481364,Phaethon lepturus,"Phaethon lepturus Daudin, 1802",Phaethontiformes,Phaethontidae,LC,LEAST_CONCERN
2482065,Podiceps nigricollis,"Podiceps nigricollis C.L.Brehm, 1831",Podicipediformes,Podicipedidae,LC,LEAST_CONCERN
2490290,Anthus roseatus,"Anthus roseatus Blyth, 1847",Passeriformes,Motacillidae,LC,LEAST_CONCERN
2492943,Sylvia communis,"Curruca communis (Latham, 1787)",Passeriformes,Sylviidae,LC,LEAST_CONCERN
9809229,Sturnus vulgaris,"Sturnus vulgaris Linnaeus, 1758",Passeriformes,Sturnidae,LC,LEAST_CONCERN
8303453,Ichthyaetus hemprichii,"Ichthyaetus hemprichii (Bruch, 1855)",Charadriiformes,Laridae,NE,NOT_EVALUATED
2481723,Tringa guttifer,"Tringa guttifer (Nordmann, 1835)",Charadriiformes,Scolopacidae,EN,ENDANGERED
2492543,Luscinia cyane,"Larvivora cyane (Pallas, 1776)",Passeriformes,Muscicapidae,LC,LEAST_CONCERN
2493633,Taeniopygia guttata,"Taeniopygia guttata (Vieillot, 1817)",Passeriformes,Estrildidae,LC,LEAST_CONCERN
5788854,Saxicola ferreus,"Saxicola ferreus J.E.Gray & G.R.Gray, 1847",Passeriformes,Muscicapidae,LC,LEAST_CONCERN
7606380,Buteo refectus,"Buteo refectus Portenko, 1935",Accipitriformes,Accipitridae,LC,LEAST_CONCERN
5228280,Eurystomus orientalis,"Eurystomus orientalis (Linnaeus, 1766)",Coraciiformes,Coraciidae,LC,LEAST_CONCERN
2486815,Pericrocotus roseus,"Pericrocotus roseus (Vieillot, 1818)",Passeriformes,Campephagidae,LC,LEAST_CONCERN
2481613,Stercorarius longicaudus,"Stercorarius longicaudus Vieillot, 1819",Charadriiformes,Stercorariidae,LC,LEAST_CONCERN
2473341,Numida meleagris,"Numida meleagris (Linnaeus, 1758)",Galliformes,Numididae,LC,LEAST_CONCERN
2496467,Clamator coromandus,"Clamator coromandus (Linnaeus, 1766)",Cuculiformes,Cuculidae,LC,LEAST_CONCERN
5229163,Pelecanus philippensis,"Pelecanus philippensis Gmelin, 1789",Pelecaniformes,Pelecanidae,NT,NEAR_THREATENED
2493075,Phylloscopus fuscatus,"Phylloscopus fuscatus (Blyth, 1842)",Passeriformes,Phylloscopidae,LC,LEAST_CONCERN
2482051,Podiceps grisegena,"Podiceps grisegena (Boddaert, 1783)",Podicipediformes,Podicipedidae,LC,LEAST_CONCERN
2495134,Dromaius novaehollandiae,"Dromaius novaehollandiae (Latham, 1790)",Casuariiformes,Dromaiidae,LC,LEAST_CONCERN
2492854,Lanius minor,"Lanius minor Gmelin, 1788",Passeriformes,Laniidae,LC,LEAST_CONCERN
2495820,Treron sphenurus,"Treron sphenurus (Vigors, 1832)",Columbiformes,Columbidae,LC,LEAST_CONCERN
2492537,Luscinia calliope,"Calliope calliope (Pallas, 1776)",Passeriformes,Muscicapidae,LC,LEAST_CONCERN
2481119,Chlidonias niger,"Chlidonias niger (Linnaeus, 1758)",Charadriiformes,Laridae,LC,LEAST_CONCERN
2491544,Emberiza pusilla,"Emberiza pusilla Pallas, 1776",Passeriformes,Emberizidae,LC,LEAST_CONCERN
2486817,Pericrocotus cantonensis,"Pericrocotus cantonensis Swinhoe & P.L.Sclater, 1861",Passeriformes,Campephagidae,LC,LEAST_CONCERN
7340315,Riparia diluta,"Riparia diluta (Sharpe & Wyatt, 1893)",Passeriformes,Hirundinidae,LC,LEAST_CONCERN
2480706,Aviceda leuphotes,"Aviceda leuphotes (Dumont, 1820)",Accipitriformes,Accipitridae,LC,LEAST_CONCERN
2490890,Zoothera dauma,"Zoothera dauma (Latham, 1790)",Passeriformes,Turdidae,LC,LEAST_CONCERN
5231257,Luscinia pectoralis,"Calliope pectoralis Gould, 1837",Passeriformes,Muscicapidae,NE,NOT_EVALUATED
2477127,Hirundapus giganteus,"Hirundapus giganteus (Temminck, 1825)",Apodiformes,Apodidae,LC,LEAST_CONCERN
4845776,Lonchura oryzivora,"Padda oryzivora (Linnaeus, 1758)",Passeriformes,Estrildidae,EN,ENDANGERED
2496253,Cacomantis merulinus,"Cacomantis merulinus (Scopoli, 1786)",Cuculiformes,Cuculidae,LC,LEAST_CONCERN
2491482,Emberiza hortulana,"Emberiza hortulana Linnaeus, 1758",Passeriformes,Emberizidae,LC,LEAST_CONCERN
5229165,Aegypius monachus,"Aegypius monachus (Linnaeus, 1766)",Accipitriformes,Accipitridae,NT,NEAR_THREATENED
6066181,Icthyophaga humilis,"Icthyophaga humilis (S.Muller & Schlegel, 1841)",Accipitriformes,Accipitridae,NT,NEAR_THREATENED
2474863,Chlamydotis macqueenii,"Chlamydotis macqueenii (J.E.Gray, 1832)",Otidiformes,Otididae,VU,VULNERABLE
5788860,Erythropygia galactotes,"Cercotrichas galactotes (Temminck, 1820)",Passeriformes,Muscicapidae,LC,LEAST_CONCERN
2480740,Cursorius cursor,"Cursorius cursor (Latham, 1787)",Charadriiformes,Glareolidae,LC,LEAST_CONCERN
2498034,Anser cygnoides,"Anser cygnoides (Linnaeus, 1758)",Anseriformes,Anatidae,EN,ENDANGERED
2492867,Lanius senator,"Lanius senator Linnaeus, 1758",Passeriformes,Laniidae,NT,NEAR_THREATENED
5229344,Puffinus pacificus,"Ardenna pacifica (J.F.Gmelin, 1789)",Procellariiformes,Procellariidae,LC,LEAST_CONCERN
2481958,Gavia stellata,"Gavia stellata (Pontoppidan, 1763)",Gaviiformes,Gaviidae,LC,LEAST_CONCERN
2479977,Nymphicus hollandicus,"Nymphicus hollandicus (Kerr, 1792)",Psittaciformes,Psittacidae,LC,LEAST_CONCERN
2480350,Pelecanus onocrotalus,"Pelecanus onocrotalus Linnaeus, 1758",Pelecaniformes,Pelecanidae,LC,LEAST_CONCERN
7745240,Lanius collurio,"Lanius collurio Linnaeus, 1758",Passeriformes,Laniidae,LC,LEAST_CONCERN
2481605,Bulweria fallax,"Bulweria fallax Jouanin, 1955",Procellariiformes,Procellariidae,NT,NEAR_THREATENED
2490659,Alaemon alaudipes,"Alaemon alaudipes (Desfontaines, 1789)",Passeriformes,Alaudidae,LC,LEAST_CONCERN
2480353,Pelecanus crispus,"Pelecanus crispus Bruch, 1832",Pelecaniformes,Pelecanidae,NT,NEAR_THREATENED
2484097,Aegithina nigrolutea,"Aegithina nigrolutea (G.F.L.Marshall, 1876)",Passeriformes,Aegithinidae,LC,LEAST_CONCERN
5232451,Branta ruficollis,"Branta ruficollis (Pallas, 1769)",Anseriformes,Anatidae,VU,VULNERABLE
2495342,Oena capensis,"Oena capensis (Linnaeus, 1766)",Columbiformes,Columbidae,LC,LEAST_CONCERN
11211157,Prinia lepida,"Prinia lepida Blyth, 1844",Passeriformes,Cisticolidae,NE,NOT_EVALUATED
2490609,Melanocorypha bimaculata,"Melanocorypha bimaculata (Ménétriés, 1832)",Passeriformes,Alaudidae,LC,LEAST_CONCERN
5227919,Francolinus francolinus,"Francolinus francolinus (Linnaeus, 1766)",Galliformes,Phasianidae,LC,LEAST_CONCERN
5230985,Calandrella raytal,"Alaudala raytal (Blyth, 1845)",Passeriformes,Alaudidae,LC,LEAST_CONCERN
8109681,Caprimulgus europaeus,"Caprimulgus europaeus Linnaeus, 1758",Caprimulgiformes,Caprimulgidae,LC,LEAST_CONCERN
4408670,Lanius phoenicuroides,"Lanius phoenicuroides (Schalow, 1875)",Passeriformes,Laniidae,LC,LEAST_CONCERN
2498343,Cygnus olor,"Cygnus olor (J.F.Gmelin, 1789)",Anseriformes,Anatidae,LC,LEAST_CONCERN
5788855,Saxicola macrorhynchus,"Saxicola macrorhynchus (Stoliczka, 1872)",Passeriformes,Muscicapidae,VU,VULNERABLE
5788868,Oenanthe chrysopygia,"Oenanthe chrysopygia (Filippi, 1863)",Passeriformes,Muscicapidae,LC,LEAST_CONCERN
2494394,Bucanetes githagineus,"Bucanetes githagineus (M.H.K.Lichtenstein, 1823)",Passeriformes,Fringillidae,LC,LEAST_CONCERN
2487925,Parus nuchalis,"Machlolophus nuchalis (Jerdon, 1845)",Passeriformes,Paridae,VU,VULNERABLE
9548093,Cuculus saturatus,"Cuculus saturatus Blyth, 1843",Cuculiformes,Cuculidae,LC,LEAST_CONCERN
2480194,Pterocles senegallus,"Pterocles senegallus (Linnaeus, 1771)",Pteroclidiformes,Pteroclididae,LC,LEAST_CONCERN
9813242,Falco columbarius,"Falco columbarius Linnaeus, 1758",Falconiformes,Falconidae,LC,LEAST_CONCERN
2481671,Limnodromus semipalmatus,"Limnodromus semipalmatus (Blyth, 1848)",Charadriiformes,Scolopacidae,NT,NEAR_THREATENED
2498390,Marmaronetta angustirostris,"Marmaronetta angustirostris (Ménétries, 1832)",Anseriformes,Anatidae,NT,NEAR_THREATENED
9235549,Sibirionetta formosa,"Sibirionetta formosa (Georgi, 1775)",Anseriformes,Anatidae,LC,LEAST_CONCERN
2480506,Aquila chrysaetos,"Aquila chrysaetos (Linnaeus, 1758)",Accipitriformes,Accipitridae,LC,LEAST_CONCERN
2498026,Anser erythropus,"Anser erythropus (Linnaeus, 1758)",Anseriformes,Anatidae,VU,VULNERABLE
2492364,Carpospiza brachydactyla,"Carpospiza brachydactyla (Bonaparte, 1850)",Passeriformes,Passeridae,LC,LEAST_CONCERN
2490255,Anthus spinoletta,"Anthus spinoletta (Linnaeus, 1758)",Passeriformes,Motacillidae,LC,LEAST_CONCERN
2497306,Asio otus,"Asio otus (Linnaeus, 1758)",Strigiformes,Strigidae,LC,LEAST_CONCERN
5231209,Passer hispaniolensis,"Passer hispaniolensis (Temminck, 1820)",Passeriformes,Passeridae,LC,LEAST_CONCERN
5789159,Acrocephalus orinus,"Acrocephalus orinus Oberholser, 1905",Passeriformes,Acrocephalidae,LC,LEAST_CONCERN
2481181,Larus cachinnans,"Larus cachinnans Pallas, 1811",Charadriiformes,Laridae,LC,LEAST_CONCERN
2492855,Lanius nubicus,"Lanius nubicus Lichtenstein, 1823",Passeriformes,Laniidae,LC,LEAST_CONCERN
2490694,Eremopterix nigriceps,"Eremopterix nigriceps (Gould, 1839)",Passeriformes,Alaudidae,LC,LEAST_CONCERN
5231240,Oenanthe oenanthe,"Oenanthe oenanthe (Linnaeus, 1758)",Passeriformes,Muscicapidae,LC,LEAST_CONCERN
2493623,Lonchura atricapilla,"Lonchura atricapilla (Vieillot, 1807)",Passeriformes,Estrildidae,LC,LEAST_CONCERN
5229359,Puffinus tenuirostris,"Ardenna tenuirostris (Temminck, 1836)",Procellariiformes,Procellariidae,LC,LEAST_CONCERN
2495464,Columba eversmanni,"Columba eversmanni Bonaparte, 1856",Columbiformes,Columbidae,VU,VULNERABLE
4408790,Turdus atrogularis,"Turdus atrogularis Jarocki, 1819",Passeriformes,Turdidae,LC,LEAST_CONCERN
2480487,Circus cyaneus,"Circus cyaneus (Linnaeus, 1766)",Accipitriformes,Accipitridae,LC,LEAST_CONCERN
2498265,Aythya marila,"Aythya marila (Linnaeus, 1761)",Anseriformes,Anatidae,LC,LEAST_CONCERN
5229371,Puffinus persicus,"Puffinus persicus Hume, 1872",Procellariiformes,Procellariidae,LC,LEAST_CONCERN
5843953,Puffinus bailloni,"Puffinus bailloni (Bonaparte, 1857)",Procellariiformes,Procellariidae,LC,LEAST_CONCERN
2482492,Corvus corax,"Corvus corax Linnaeus, 1758",Passeriformes,Corvidae,LC,LEAST_CONCERN
5228676,Apus apus,"Apus apus (Linnaeus, 1758)",Apodiformes,Apodidae,LC,LEAST_CONCERN
2481746,Calidris ruficollis,"Calidris ruficollis (Pallas, 1776)",Charadriiformes,Scolopacidae,NT,NEAR_THREATENED
5231003,Monticola rufiventris,"Monticola rufiventris (Jardine & Selby, 1833)",Passeriformes,Muscicapidae,LC,LEAST_CONCERN
5229378,Puffinus carneipes,"Ardenna carneipes (Gould, 1844)",Procellariiformes,Procellariidae,NT,NEAR_THREATENED
5739317,Phoenicurus phoenicurus,"Phoenicurus phoenicurus (Linnaeus, 1758)",Passeriformes,Muscicapidae,LC,LEAST_CONCERN
2493550,Locustella lanceolata,"Locustella lanceolata (Temminck, 1840)",Passeriformes,Locustellidae,LC,LEAST_CONCERN
2480242,Vanellus vanellus,"Vanellus vanellus (Linnaeus, 1758)",Charadriiformes,Charadriidae,NT,NEAR_THREATENED
6100888,Geokichla sibirica,"Geokichla sibirica (Pallas, 1776)",Passeriformes,Turdidae,LC,LEAST_CONCERN
2498402,Dendrocygna bicolor,"Dendrocygna bicolor (Vieillot, 1816)",Anseriformes,Anatidae,LC,LEAST_CONCERN
9803471,Anous minutus,"Anous minutus F.Boie, 1844",Charadriiformes,Laridae,LC,LEAST_CONCERN
2481744,Calidris melanotos,"Calidris melanotos (Vieillot, 1819)",Charadriiformes,Scolopacidae,LC,LEAST_CONCERN
2481361,Phaethon rubricauda,"Phaethon rubricauda Boddaert, 1783",Phaethontiformes,Phaethontidae,LC,LEAST_CONCERN
2484677,Aethopyga siparaja,"Aethopyga siparaja (Raffles, 1822)",Passeriformes,Nectariniidae,LC,LEAST_CONCERN
2480708,Aviceda jerdoni,"Aviceda jerdoni (Blyth, 1842)",Accipitriformes,Accipitridae,LC,LEAST_CONCERN
2496890,Caprimulgus macrurus,"Caprimulgus macrurus Horsfield, 1821",Caprimulgiformes,Caprimulgidae,LC,LEAST_CONCERN
7340244,Pycnonotus flaviventris,"Rubigula flaviventris (Tickell, 1833)",Passeriformes,Pycnonotidae,LC,LEAST_CONCERN
2493082,Phylloscopus subviridis,"Phylloscopus subviridis (W.E.Brooks, 1872)",Passeriformes,Phylloscopidae,LC,LEAST_CONCERN
9537647,Mergus merganser,"Mergus merganser Linnaeus, 1758",Anseriformes,Anatidae,LC,LEAST_CONCERN
7387276,Chrysocolaptes guttacristatus,"Chrysocolaptes guttacristatus (Tickell, 1833)",Piciformes,Picidae,LC,LEAST_CONCERN
2489220,Delichon dasypus,"Delichon dasypus (Bonaparte, 1850)",Passeriformes,Hirundinidae,LC,LEAST_CONCERN
2475991,Anthracoceros albirostris,"Anthracoceros albirostris (Shaw, 1808)",Bucerotiformes,Bucerotidae,LC,LEAST_CONCERN
6101232,Treron phayrei,"Treron phayrei (Blyth, 1862)",Columbiformes,Columbidae,NT,NEAR_THREATENED
9715040,Dicrurus annectens,"Dicrurus annectens (Hodgson, 1836)",Passeriformes,Dicruridae,LC,LEAST_CONCERN
2482587,Cissa chinensis,"Cissa chinensis (Boddaert, 1783)",Passeriformes,Corvidae,LC,LEAST_CONCERN
9347692,Calliope tschebaiewi,"Calliope tschebaiewi Przevalski, 1876",Passeriformes,Muscicapidae,LC,LEAST_CONCERN
2490774,Turdus viscivorus,"Turdus viscivorus Linnaeus, 1758",Passeriformes,Turdidae,LC,LEAST_CONCERN
2486818,Pericrocotus divaricatus,"Pericrocotus divaricatus (Raffles, 1822)",Passeriformes,Campephagidae,LC,LEAST_CONCERN
2480453,Haliaeetus leucoryphus,"Haliaeetus leucoryphus (Pallas, 1771)",Accipitriformes,Accipitridae,EN,ENDANGERED
2493308,Turdoides earlei,"Argya earlei (Blyth, 1844)",Passeriformes,Leiothrichidae,LC,LEAST_CONCERN
2493079,Phylloscopus fuligiventer,"Phylloscopus fuligiventer (Hodgson, 1845)",Passeriformes,Phylloscopidae,LC,LEAST_CONCERN
6100835,Macronus gularis,"Mixornis gularis (Horsfield, 1822)",Passeriformes,Timaliidae,NE,NOT_EVALUATED
2496369,Rhopodytes tristis,"Phaenicophaeus tristis (Lesson, 1830)",Cuculiformes,Cuculidae,NE,NOT_EVALUATED
7341060,Chalcoparia singalensis,"Chalcoparia singalensis (Gmelin, 1789)",Passeriformes,Nectariniidae,LC,LEAST_CONCERN
5845038,Tephrodornis virgatus,"Tephrodornis virgatus (Temminck, 1824)",Passeriformes,Tephrodornithidae,LC,LEAST_CONCERN
5231750,Rhipidura albicollis,"Rhipidura albicollis (Vieillot, 1818)",Passeriformes,Rhipiduridae,LC,LEAST_CONCERN
5231837,Columba punicea,"Columba punicea Blyth, 1842",Columbiformes,Columbidae,VU,VULNERABLE
6101206,Chrysophlegma flavinucha,"Chrysophlegma flavinucha (Gould, 1834)",Piciformes,Picidae,LC,LEAST_CONCERN
2492482,Chaimarrornis leucocephalus,"Phoenicurus leucocephalus Vigors, 1831",Passeriformes,Muscicapidae,LC,LEAST_CONCERN
5229180,Circus spilonotus,"Circus spilonotus Kaup, 1847",Accipitriformes,Accipitridae,LC,LEAST_CONCERN
7340311,Stachyridopsis rufifrons,"Cyanoderma rufifrons (Hume, 1873)",Passeriformes,Timaliidae,NE,NOT_EVALUATED
2486128,Pycnonotus xantholaemus,"Pycnonotus xantholaemus (Jerdon, 1845)",Passeriformes,Pycnonotidae,LC,LEAST_CONCERN
5229142,Vanellus spinosus,"Vanellus spinosus (Linnaeus, 1758)",Charadriiformes,Charadriidae,LC,LEAST_CONCERN
5228803,Dinopium javanense,"Dinopium javanense (Ljungh, 1797)",Piciformes,Picidae,LC,LEAST_CONCERN
2495730,Treron curvirostra,"Treron curvirostra (J.F.Gmelin, 1789)",Columbiformes,Columbidae,LC,LEAST_CONCERN
6100873,Geokichla wardii,"Geokichla wardii (Blyth, 1843)",Passeriformes,Turdidae,LC,LEAST_CONCERN
5231276,Ficedula zanthopygia,"Ficedula zanthopygia (Hay, 1845)",Passeriformes,Muscicapidae,LC,LEAST_CONCERN
2481700,Scolopax rusticola,"Scolopax rusticola Linnaeus, 1758",Charadriiformes,Scolopacidae,LC,LEAST_CONCERN
6092114,Gracula indica,"Gracula indica (Cuvier, 1829)",Passeriformes,Sturnidae,LC,LEAST_CONCERN
5788902,Eumyias albicaudatus,"Eumyias albicaudatus (Jerdon, 1840)",Passeriformes,Muscicapidae,LC,LEAST_CONCERN
2482455,Dendrocitta leucogastra,"Dendrocitta leucogastra Gould, 1833",Passeriformes,Corvidae,LC,LEAST_CONCERN
2493459,Garrulax delesserti,"Pterorhinus delesserti (Jerdon, 1839)",Passeriformes,Leiothrichidae,LC,LEAST_CONCERN
5788901,Myiomela major,"Sholicola major (Jerdon, 1841)",Passeriformes,Muscicapidae,NT,NEAR_THREATENED
5230784,Hirundo domicola,"Hirundo domicola Jerdon, 1841",Passeriformes,Hirundinidae,LC,LEAST_CONCERN
2481622,Stercorarius antarcticus,"Stercorarius antarcticus (R.Lesson, 1831)",Charadriiformes,Stercorariidae,NE,NOT_EVALUATED
2492836,Cisticola exilis,"Cisticola exilis (Vigors & Horsfield, 1827)",Passeriformes,Cisticolidae,LC,LEAST_CONCERN
5231979,Centropus bengalensis,"Centropus bengalensis (Gmelin, 1788)",Cuculiformes,Cuculidae,LC,LEAST_CONCERN
5739277,Puffinus griseus,"Ardenna grisea (J.F.Gmelin, 1789)",Procellariiformes,Procellariidae,NT,NEAR_THREATENED
2481519,Calonectris leucomelas,"Calonectris leucomelas (Temminck, 1836)",Procellariiformes,Procellariidae,NT,NEAR_THREATENED
9770031,Agapornis roseicollis,"Agapornis roseicollis (Vieillot, 1818)",Psittaciformes,Psittacidae,LC,LEAST_CONCERN
5231280,Ficedula nigrorufa,"Ficedula nigrorufa (Jerdon, 1839)",Passeriformes,Muscicapidae,LC,LEAST_CONCERN
2493556,Locustella certhiola,"Helopsaltes certhiola (Pallas, 1811)",Passeriformes,Locustellidae,LC,LEAST_CONCERN
5959096,Bubo bengalensis,"Bubo bengalensis (Franklin, 1831)",Strigiformes,Strigidae,LC,LEAST_CONCERN
6100892,Zoothera neilgherriensis,"Zoothera neilgherriensis (Blyth, 1847)",Passeriformes,Turdidae,NE,NOT_EVALUATED
7340192,Phodilus assimilis,"Phodilus assimilis Hume, 1877",Strigiformes,Tytonidae,LC,LEAST_CONCERN
8082581,Synoicus chinensis,"Synoicus chinensis (Linnaeus, 1766)",Galliformes,Phasianidae,LC,LEAST_CONCERN
2479686,Trichoglossus haematodus,"Trichoglossus haematodus (Linnaeus, 1771)",Psittaciformes,Psittacidae,LC,LEAST_CONCERN
7785213,Ichthyaetus leucophthalmus,"Ichthyaetus leucophthalmus (Temminck, 1825)",Charadriiformes,Laridae,NE,NOT_EVALUATED
2495455,Columba palumbus,"Columba palumbus Linnaeus, 1758",Columbiformes,Columbidae,LC,LEAST_CONCERN
6101123,Trochalopteron cachinnans,"Montecincla jerdoni (Blyth, 1851)",Passeriformes,Leiothrichidae,NT,NEAR_THREATENED
9606290,Meleagris gallopavo,"Meleagris gallopavo Linnaeus, 1758",Galliformes,Phasianidae,LC,LEAST_CONCERN
2495494,Geopelia cuneata,"Geopelia cuneata (Latham, 1801)",Columbiformes,Columbidae,LC,LEAST_CONCERN
6065841,Hydrocoloeus minutus,"Hydrocoloeus minutus (Pallas, 1776)",Charadriiformes,Laridae,LC,LEAST_CONCERN
2475243,Tauraco persa,"Tauraco persa (Linnaeus, 1758)",Musophagiformes,Musophagidae,LC,LEAST_CONCERN
2491548,Emberiza fucata,"Emberiza fucata Pallas, 1776",Passeriformes,Emberizidae,LC,LEAST_CONCERN
2492566,Muscicapa sibirica,"Muscicapa sibirica Gmelin, 1789",Passeriformes,Muscicapidae,LC,LEAST_CONCERN
2479666,Amazona amazonica,"Amazona amazonica (Linnaeus, 1766)",Psittaciformes,Psittacidae,LC,LEAST_CONCERN
2475742,Todiramphus chloris,"Todiramphus chloris (Boddaert, 1783)",Coraciiformes,Alcedinidae,LC,LEAST_CONCERN
5229411,Anastomus lamelligerus,"Anastomus lamelligerus Temminck, 1823",Ciconiiformes,Ciconiidae,LC,LEAST_CONCERN
2479888,Cacatua galerita,"Cacatua galerita (Latham, 1790)",Psittaciformes,Psittacidae,LC,LEAST_CONCERN
2480187,Fregata minor,"Fregata minor (Gmelin, 1789)",Suliformes,Fregatidae,LC,LEAST_CONCERN
5846430,Leucophaeus pipixcan,"Leucophaeus pipixcan (Wagler, 1831)",Charadriiformes,Laridae,NE,NOT_EVALUATED
8292425,Calidris subruficollis,"Calidris subruficollis (Vieillot, 1819)",Charadriiformes,Scolopacidae,VU,VULNERABLE
2480736,Rhinoptilus bitorquatus,"Rhinoptilus bitorquatus (Blyth, 1848)",Charadriiformes,Glareolidae,CR,CRITICALLY_ENDANGERED
2477911,Dendrocopos macei,"Dendrocopos macei (Vieillot, 1818)",Piciformes,Picidae,LC,LEAST_CONCERN
2482454,Dendrocitta formosae,"Dendrocitta formosae Swinhoe, 1863",Passeriformes,Corvidae,LC,LEAST_CONCERN
2478548,Picus canus,"Picus canus J.F.Gmelin, 1788",Piciformes,Picidae,LC,LEAST_CONCERN
2493399,Malacocincla abbotti,"Malacocincla abbotti Blyth, 1845",Passeriformes,Pellorneidae,LC,LEAST_CONCERN
2477231,Aerodramus brevirostris,"Aerodramus brevirostris (Horsfield, 1840)",Apodiformes,Apodidae,LC,LEAST_CONCERN
2482519,Corvus albus,"Corvus albus Statius Muller, 1776",Passeriformes,Corvidae,LC,LEAST_CONCERN
2492426,Cyornis poliogenys,"Cyornis poliogenys W.E.Brooks, 1880",Passeriformes,Muscicapidae,LC,LEAST_CONCERN
