speciesKey,months_present,seasonality_cv,centroid_shift_deg,peak_month,migration_class,arrival_month,departure_month,is_coastal,species,scientificName,order,family,iucn_code,iucn_category
11273070,12,0.2262,1.3093,11,resident,,,False,Ortygornis pondicerianus,"Ortygornis pondicerianus (J.F.Gmelin, 1789)",Galliformes,Phasianidae,LC,LEAST_CONCERN
11746102,11,0.3589,1.4031,12,resident,,,False,Chrysocolaptes socialis,"Chrysocolaptes socialis Koelz, 1939",Piciformes,Picidae,NE,NOT_EVALUATED
12210360,3,0.2702,0.1548,2,migratory,2.0,6.0,False,Ketupa coromanda,"Ketupa coromanda (Latham, 1790)",Strigiformes,Strigidae,NE,NOT_EVALUATED
2473356,12,0.5461,1.9818,8,resident,,,False,Perdicula asiatica,"Perdicula asiatica (Latham, 1790)",Galliformes,Phasianidae,LC,LEAST_CONCERN
2473362,5,0.6639,0.2495,9,migratory,6.0,10.0,False,Perdicula erythrorhyncha,"Perdicula erythrorhyncha (Sykes, 1832)",Galliformes,Phasianidae,LC,LEAST_CONCERN
2473365,12,1.0598,1.362,8,resident,,,False,Perdicula argoondah,"Perdicula argoondah (Sykes, 1832)",Galliformes,Phasianidae,LC,LEAST_CONCERN
2473696,12,0.3608,2.1302,2,resident,,,False,Galloperdix spadicea,"Galloperdix spadicea (J.F.Gmelin, 1789)",Galliformes,Phasianidae,LC,LEAST_CONCERN
2473700,1,0.0,0.0,5,passage,5.0,5.0,False,Galloperdix lunulata,"Galloperdix lunulata (Valenciennes, 1825)",Galliformes,Phasianidae,LC,LEAST_CONCERN
2474156,1,0.0,0.0,11,passage,11.0,11.0,False,Coturnix coturnix,"Coturnix coturnix (Linnaeus, 1758)",Galliformes,Phasianidae,LC,LEAST_CONCERN
2474163,12,1.4756,3.5218,8,resident,,,False,Coturnix coromandelica,"Coturnix coromandelica (J.F.Gmelin, 1789)",Galliformes,Phasianidae,LC,LEAST_CONCERN
2474377,12,0.3562,1.4684,12,resident,,,False,Fulica atra,"Fulica atra Linnaeus, 1758",Gruiformes,Rallidae,LC,LEAST_CONCERN
2474404,9,1.137,1.9222,6,migratory,4.0,12.0,True,Gallicrex cinerea,"Gallicrex cinerea (Gmelin, 1789)",Gruiformes,Rallidae,LC,LEAST_CONCERN
2474416,12,0.1862,0.9874,1,resident,,,False,Porphyrio porphyrio,"Porphyrio poliocephalus (Latham, 1801)",Gruiformes,Rallidae,LC,LEAST_CONCERN
2474460,8,0.7699,1.8975,6,migratory,5.0,1.0,True,Rallina eurizonoides,"Rallina eurizonoides (Lafresnaye, 1845)",Gruiformes,Rallidae,LC,LEAST_CONCERN
2474525,12,0.3846,1.1261,12,resident,,,True,Gallirallus striatus,"Lewinia striata (Linnaeus, 1766)",Gruiformes,Rallidae,LC,LEAST_CONCERN
2474621,4,0.6337,1.078,1,migratory,12.0,3.0,True,Porzana porzana,"Porzana porzana (Linnaeus, 1766)",Gruiformes,Rallidae,LC,LEAST_CONCERN
2474622,12,0.6612,1.1308,1,resident,,,True,Porzana fusca,"Zapornia fusca (Linnaeus, 1766)",Gruiformes,Rallidae,LC,LEAST_CONCERN
2474627,2,0.5912,0.0016,1,passage,12.0,1.0,False,Porzana parva,"Zapornia parva (Scopoli, 1769)",Gruiformes,Rallidae,LC,LEAST_CONCERN
2474628,9,0.6745,1.4437,12,migratory,1.0,12.0,False,Porzana pusilla,"Zapornia pusilla (Pallas, 1776)",Gruiformes,Rallidae,LC,LEAST_CONCERN
2474732,12,0.2208,0.5086,11,resident,,,False,Amaurornis phoenicurus,"Amaurornis phoenicurus (Pennant, 1769)",Gruiformes,Rallidae,LC,LEAST_CONCERN
2474750,12,0.3303,1.8974,11,resident,,,False,Amaurornis akool,"Zapornia akool (Sykes, 1832)",Gruiformes,Rallidae,LC,LEAST_CONCERN
2474831,3,0.5679,1.0675,1,migratory,12.0,2.0,True,Rallus aquaticus,"Rallus aquaticus Linnaeus, 1758",Gruiformes,Rallidae,LC,LEAST_CONCERN
2474936,5,0.8744,2.3114,1,migratory,11.0,3.0,False,Anthropoides virgo,"Anthropoides virgo (Linnaeus, 1758)",Gruiformes,Gruidae,LC,LEAST_CONCERN
2474945,11,0.4672,0.5584,11,resident,,,False,Grus antigone,"Antigone antigone (Linnaeus, 1758)",Gruiformes,Gruidae,VU,VULNERABLE
2474950,6,0.7318,0.9165,1,migratory,10.0,3.0,False,Grus grus,"Grus grus (Linnaeus, 1758)",Gruiformes,Gruidae,LC,LEAST_CONCERN
2474968,7,0.4855,5.263,5,migratory,2.0,10.0,False,Turnix tanki,"Turnix tanki Blyth, 1843",Charadriiformes,Turnicidae,LC,LEAST_CONCERN
2474982,12,0.8335,1.1851,8,resident,,,False,Turnix suscitator,"Turnix suscitator (J.F.Gmelin, 1789)",Charadriiformes,Turnicidae,LC,LEAST_CONCERN
2475001,2,0.5804,0.1319,7,passage,7.0,8.0,False,Turnix sylvaticus,"Turnix sylvaticus (Desfontaines, 1789)",Charadriiformes,Turnicidae,LC,LEAST_CONCERN
2475365,5,1.0176,3.4485,10,migratory,8.0,12.0,False,Coracias garrulus,"Coracias garrulus Linnaeus, 1758",Coraciiformes,Coraciidae,LC,LEAST_CONCERN
2475379,12,0.2916,3.2602,11,resident,,,False,Coracias benghalensis,"Coracias benghalensis (Linnaeus, 1758)",Coraciiformes,Coraciidae,LC,LEAST_CONCERN
2475392,12,0.423,0.7689,12,resident,,,False,Merops leschenaulti,"Merops leschenaulti Vieillot, 1817",Coraciiformes,Meropidae,LC,LEAST_CONCERN
2475410,12,0.1919,0.5485,2,resident,,,False,Merops orientalis,"Merops orientalis Latham, 1801",Coraciiformes,Meropidae,LC,LEAST_CONCERN
2475419,6,1.191,1.3101,11,migratory,9.0,5.0,True,Merops persicus,"Merops persicus Pallas, 1773",Coraciiformes,Meropidae,LC,LEAST_CONCERN
2475452,12,0.484,4.8335,10,resident,,,False,Merops philippinus,"Merops philippinus Linnaeus, 1767",Coraciiformes,Meropidae,LC,LEAST_CONCERN
2475458,11,0.5718,0.9074,12,resident,,,False,Nyctyornis athertoni,"Nyctyornis athertoni (Jardine & Selby, 1828)",Coraciiformes,Meropidae,LC,LEAST_CONCERN
2475494,12,0.6345,0.9864,8,resident,,,False,Alcedo meninting,"Alcedo meninting Horsfield, 1821",Coraciiformes,Alcedinidae,LC,LEAST_CONCERN
2475532,12,0.2421,1.3576,12,resident,,,False,Alcedo atthis,"Alcedo atthis (Linnaeus, 1758)",Coraciiformes,Alcedinidae,LC,LEAST_CONCERN
2475679,12,0.2103,1.5451,12,resident,,,False,Ceryle rudis,"Ceryle rudis (Linnaeus, 1758)",Coraciiformes,Alcedinidae,LC,LEAST_CONCERN
2475923,12,0.1715,0.9774,2,resident,,,False,Ocyceros birostris,"Ocyceros birostris (Scopoli, 1786)",Bucerotiformes,Bucerotidae,LC,LEAST_CONCERN
2475924,12,0.4547,1.0095,3,resident,,,False,Ocyceros griseus,"Ocyceros griseus (Latham, 1790)",Bucerotiformes,Bucerotidae,VU,VULNERABLE
2475988,12,0.2312,1.5788,12,resident,,,False,Anthracoceros coronatus,"Anthracoceros coronatus (Boddaert, 1783)",Bucerotiformes,Bucerotidae,NT,NEAR_THREATENED
2477102,12,0.077,0.3034,2,resident,,,True,Cypsiurus balasiensis,"Cypsiurus balasiensis (J.E.Gray, 1829)",Apodiformes,Apodidae,LC,LEAST_CONCERN
2477226,3,0.9217,0.0475,9,migratory,9.0,4.0,True,Aerodramus unicolor,"Aerodramus unicolor (Jerdon, 1840)",Apodiformes,Apodidae,LC,LEAST_CONCERN
2477342,2,0.4622,0.1491,8,passage,8.0,1.0,False,Zoonavena sylvatica,"Zoonavena sylvatica (Tickell, 1846)",Apodiformes,Apodidae,LC,LEAST_CONCERN
2477411,10,0.6966,1.5528,1,resident,,,False,Tachymarptis melba,"Tachymarptis melba (Linnaeus, 1758)",Apodiformes,Apodidae,LC,LEAST_CONCERN
2477443,12,0.4892,3.066,5,resident,,,False,Hemiprocne coronata,"Hemiprocne coronata (Tickell, 1833)",Apodiformes,Hemiprocnidae,LC,LEAST_CONCERN
2478037,12,0.3565,2.388,1,resident,,,False,Chrysocolaptes festivus,"Chrysocolaptes festivus (Boddaert, 1783)",Piciformes,Picidae,LC,LEAST_CONCERN
2478522,4,0.4424,0.8105,5,migratory,2.0,6.0,False,Picus xanthopygaeus,"Picus xanthopygaeus (J.E.Gray & G.R.Gray, 1847)",Piciformes,Picidae,LC,LEAST_CONCERN
2478592,12,0.5055,2.1871,12,resident,,,True,Hemicircus canente,"Hemicircus canente (R.Lesson, 1832)",Piciformes,Picidae,LC,LEAST_CONCERN
2479226,12,0.1143,0.668,2,resident,,,False,Psittacula krameri,"Psittacula krameri (Scopoli, 1769)",Psittaciformes,Psittacidae,LC,LEAST_CONCERN
2479399,12,0.8807,1.4245,9,resident,,,False,Loriculus vernalis,"Loriculus vernalis (Sparrman, 1787)",Psittaciformes,Psittacidae,LC,LEAST_CONCERN
2480185,1,0.0,0.0,7,passage,7.0,7.0,True,Fregata andrewsi,"Fregata andrewsi Mathews, 1914",Suliformes,Fregatidae,VU,VULNERABLE
2480186,2,0.6196,0.0384,7,passage,7.0,8.0,True,Fregata ariel,"Fregata ariel (G.R.Gray, 1845)",Suliformes,Fregatidae,LC,LEAST_CONCERN
2480206,12,0.8707,3.7528,8,resident,,,False,Pterocles indicus,"Pterocles indicus (Gmelin, 1789)",Pteroclidiformes,Pteroclididae,LC,LEAST_CONCERN
2480259,10,0.763,1.6404,12,resident,,,True,Recurvirostra avosetta,"Recurvirostra avosetta Linnaeus, 1758",Charadriiformes,Recurvirostridae,LC,LEAST_CONCERN
2480297,10,0.4141,0.4661,11,resident,,,True,Charadrius leschenaultii,Anarhynchus leschenaultii,Charadriiformes,Charadriidae,LC,LEAST_CONCERN
2480308,5,0.405,0.4372,12,migratory,10.0,3.0,True,Charadrius asiaticus,Anarhynchus asiaticus,Charadriiformes,Charadriidae,LC,LEAST_CONCERN
2480311,12,0.415,3.3219,12,resident,,,False,Charadrius alexandrinus,Anarhynchus alexandrinus,Charadriiformes,Charadriidae,LC,LEAST_CONCERN
2480327,10,0.3686,0.6149,10,resident,,,True,Pluvialis squatarola,"Pluvialis squatarola (Linnaeus, 1758)",Charadriiformes,Charadriidae,VU,VULNERABLE
2480331,10,0.3681,1.6177,11,resident,,,True,Pluvialis fulva,"Pluvialis fulva (J.F.Gmelin, 1789)",Charadriiformes,Charadriidae,LC,LEAST_CONCERN
2480372,12,0.2024,0.5778,1,resident,,,False,Elanus caeruleus,"Elanus caeruleus (Desfontaines, 1789)",Accipitriformes,Accipitridae,LC,LEAST_CONCERN
2480383,12,0.3595,3.2968,12,resident,,,False,Gyps bengalensis,"Gyps bengalensis (Gmelin, 1788)",Accipitriformes,Accipitridae,CR,CRITICALLY_ENDANGERED
2480385,12,0.5,2.6969,1,resident,,,False,Gyps indicus,"Gyps indicus (Scopoli, 1786)",Accipitriformes,Accipitridae,CR,CRITICALLY_ENDANGERED
2480389,2,0.0864,0.688,1,passage,1.0,2.0,False,Gyps fulvus,"Gyps fulvus (Hablizl, 1783)",Accipitriformes,Accipitridae,LC,LEAST_CONCERN
2480420,1,0.0,0.0,11,passage,11.0,11.0,False,Pernis apivorus,"Pernis apivorus (Linnaeus, 1758)",Accipitriformes,Accipitridae,LC,LEAST_CONCERN
2480433,12,0.535,1.9806,2,resident,,,False,Spilornis cheela,"Spilornis cheela (Latham, 1790)",Accipitriformes,Accipitridae,LC,LEAST_CONCERN
2480437,12,0.1894,1.1615,12,resident,,,False,Haliastur indus,"Haliastur indus (Boddaert, 1783)",Accipitriformes,Accipitridae,LC,LEAST_CONCERN
2480449,1,0.0,0.0,1,passage,1.0,1.0,False,Haliaeetus albicilla,"Haliaeetus albicilla (Linnaeus, 1758)",Accipitriformes,Accipitridae,LC,LEAST_CONCERN
2480455,12,0.2654,1.0874,12,resident,,,True,Haliaeetus leucogaster,"Icthyophaga leucogaster (J.F.Gmelin, 1788)",Accipitriformes,Accipitridae,LC,LEAST_CONCERN
2480478,12,0.3228,3.5039,1,resident,,,False,Butastur teesa,"Butastur teesa (Franklin, 1831)",Accipitriformes,Accipitridae,LC,LEAST_CONCERN
2480482,11,0.7997,1.126,12,resident,,,False,Circus aeruginosus,"Circus aeruginosus (Linnaeus, 1758)",Accipitriformes,Accipitridae,LC,LEAST_CONCERN
2480491,8,0.6024,1.0849,11,migratory,9.0,4.0,False,Circus macrourus,"Circus macrourus (S.G.Gmelin, 1770)",Accipitriformes,Accipitridae,NT,NEAR_THREATENED
2480495,8,0.5186,0.6446,11,migratory,9.0,4.0,False,Circus pygargus,"Circus pygargus (Linnaeus, 1758)",Accipitriformes,Accipitridae,LC,LEAST_CONCERN
2480500,4,0.3568,0.2273,12,migratory,11.0,2.0,True,Aquila heliaca,"Aquila heliaca Savigny, 1809",Accipitriformes,Accipitridae,VU,VULNERABLE
2480509,8,0.587,0.851,12,migratory,9.0,4.0,False,Aquila clanga,"Clanga clanga (Pallas, 1811)",Accipitriformes,Accipitridae,VU,VULNERABLE
2480513,7,0.635,0.4943,12,migratory,10.0,4.0,False,Aquila nipalensis,"Aquila nipalensis Hodgson, 1833",Accipitriformes,Accipitridae,EN,ENDANGERED
2480514,11,1.214,0.5928,8,resident,,,False,Aquila rapax,"Aquila rapax (Temminck, 1828)",Accipitriformes,Accipitridae,VU,VULNERABLE
2480537,6,0.4672,0.5326,11,migratory,10.0,3.0,True,Buteo buteo,"Buteo buteo (Linnaeus, 1758)",Accipitriformes,Accipitridae,LC,LEAST_CONCERN
2480564,4,0.7513,1.2578,12,migratory,10.0,1.0,False,Buteo rufinus,"Buteo rufinus (Cretzschmar, 1829)",Accipitriformes,Accipitridae,LC,LEAST_CONCERN
2480637,8,0.5951,1.3351,12,migratory,9.0,4.0,False,Accipiter nisus,"Accipiter nisus (Linnaeus, 1758)",Accipitriformes,Accipitridae,LC,LEAST_CONCERN
2480666,12,0.4951,2.8028,12,resident,,,False,Circaetus gallicus,"Circaetus gallicus (Gmelin, 1788)",Accipitriformes,Accipitridae,LC,LEAST_CONCERN
2480685,9,0.6836,0.9135,11,migratory,9.0,5.0,False,Hieraaetus pennatus,"Hieraaetus pennatus (Gmelin, 1788)",Accipitriformes,Accipitridae,LC,LEAST_CONCERN
2480696,9,0.461,3.7817,11,migratory,1.0,12.0,False,Neophron percnopterus,"Neophron percnopterus (Linnaeus, 1758)",Accipitriformes,Accipitridae,EN,ENDANGERED
2480717,5,0.2547,0.5951,3,migratory,2.0,6.0,False,Sarcogyps calvus,"Sarcogyps calvus (Scopoli, 1786)",Accipitriformes,Accipitridae,CR,CRITICALLY_ENDANGERED
2480726,12,0.8019,4.0309,12,resident,,,False,Pandion haliaetus,"Pandion haliaetus (Linnaeus, 1758)",Accipitriformes,Pandionidae,LC,LEAST_CONCERN
2480743,12,0.6073,3.1503,8,resident,,,False,Cursorius coromandelicus,"Cursorius coromandelicus (J.F.Gmelin, 1789)",Charadriiformes,Glareolidae,LC,LEAST_CONCERN
2480755,12,0.6271,2.3758,1,resident,,,False,Glareola lactea,"Glareola lactea Temminck, 1820",Charadriiformes,Glareolidae,LC,LEAST_CONCERN
2480757,4,0.4937,2.2817,6,migratory,10.0,6.0,False,Glareola pratincola,"Glareola pratincola (Linnaeus, 1766)",Charadriiformes,Glareolidae,LC,LEAST_CONCERN
2480759,10,0.9018,3.0245,4,resident,,,False,Glareola maldivarum,"Glareola maldivarum J.R.Forster, 1795",Charadriiformes,Glareolidae,LC,LEAST_CONCERN
2480767,12,0.426,1.9378,12,resident,,,False,Threskiornis melanocephalus,"Threskiornis melanocephalus (Latham, 1790)",Pelecaniformes,Threskiornithidae,LC,LEAST_CONCERN
2480773,12,0.3937,1.5025,12,resident,,,False,Plegadis falcinellus,"Plegadis falcinellus (Linnaeus, 1766)",Pelecaniformes,Threskiornithidae,LC,LEAST_CONCERN
2480778,12,0.136,0.9598,12,resident,,,False,Pseudibis papillosa,"Pseudibis papillosa (Temminck, 1824)",Pelecaniformes,Threskiornithidae,LC,LEAST_CONCERN
2480801,12,0.3214,1.6733,1,resident,,,False,Platalea leucorodia,"Platalea leucorodia Linnaeus, 1758",Pelecaniformes,Threskiornithidae,LC,LEAST_CONCERN
2480824,12,0.1806,2.0015,11,resident,,,False,Butorides striata,"Butorides striata (Linnaeus, 1758)",Pelecaniformes,Ardeidae,LC,LEAST_CONCERN
2480841,1,0.0,0.0,5,passage,5.0,5.0,False,Gorsachius melanolophus,"Gorsachius melanolophus (Raffles, 1822)",Pelecaniformes,Ardeidae,LC,LEAST_CONCERN
2480863,12,0.4857,0.6881,10,resident,,,False,Nycticorax nycticorax,"Nycticorax nycticorax (Linnaeus, 1758)",Pelecaniformes,Ardeidae,LC,LEAST_CONCERN
2480876,12,0.122,1.0007,12,resident,,,False,Egretta garzetta,"Egretta garzetta (Linnaeus, 1766)",Pelecaniformes,Ardeidae,LC,LEAST_CONCERN
2480880,12,0.2652,1.1274,1,resident,,,False,Egretta intermedia,"Ardea intermedia Wagler, 1829",Pelecaniformes,Ardeidae,NE,NOT_EVALUATED
2480898,12,0.3784,0.5548,10,resident,,,True,Egretta gularis,"Egretta gularis (Bosc, 1792)",Pelecaniformes,Ardeidae,LC,LEAST_CONCERN
2480905,12,0.0925,0.8311,11,resident,,,False,Ardeola grayii,"Ardeola grayii (Sykes, 1832)",Pelecaniformes,Ardeidae,LC,LEAST_CONCERN
2480910,4,1.1187,1.5767,1,migratory,11.0,3.0,True,Botaurus stellaris,"Botaurus stellaris (Linnaeus, 1758)",Pelecaniformes,Ardeidae,LC,LEAST_CONCERN
2480934,12,0.159,1.4828,1,resident,,,False,Ardea purpurea,"Ardea purpurea Linnaeus, 1766",Pelecaniformes,Ardeidae,LC,LEAST_CONCERN
2480967,4,1.1088,2.701,8,migratory,7.0,10.0,True,Sula dactylatra,"Sula dactylatra Lesson, 1831",Suliformes,Sulidae,LC,LEAST_CONCERN
2480998,7,0.9803,4.1887,12,migratory,10.0,5.0,False,Falco amurensis,"Falco amurensis Radde, 1863",Falconiformes,Falconidae,LC,LEAST_CONCERN
2480999,8,0.5419,1.8456,12,migratory,8.0,3.0,False,Falco jugger,"Falco jugger J.E.Gray, 1834",Falconiformes,Falconidae,NT,NEAR_THREATENED
2481019,12,0.7136,2.0608,8,resident,,,False,Falco chicquera,"Falco chicquera Daudin, 1800",Falconiformes,Falconidae,NT,NEAR_THREATENED
2481035,6,1.166,3.3971,10,migratory,9.0,5.0,False,Falco subbuteo,"Falco subbuteo Linnaeus, 1758",Falconiformes,Falconidae,LC,LEAST_CONCERN
2481047,12,0.2926,0.7941,11,resident,,,False,Falco peregrinus,"Falco peregrinus Tunstall, 1771",Falconiformes,Falconidae,LC,LEAST_CONCERN
2481104,12,0.6264,0.1498,2,resident,,,True,Phoeniconaias minor,"Phoeniconaias minor (É.Geoffroy Saint-Hilaire, 1798)",Phoenicopteriformes,Phoenicopteridae,NT,NEAR_THREATENED
2481112,4,0.6186,0.5619,8,migratory,7.0,10.0,True,Anous tenuirostris,"Anous tenuirostris (Temminck, 1823)",Charadriiformes,Laridae,LC,LEAST_CONCERN
2481120,5,0.4386,4.1166,9,migratory,4.0,10.0,False,Chlidonias leucopterus,"Chlidonias leucopterus (Temminck, 1815)",Charadriiformes,Laridae,LC,LEAST_CONCERN
2481121,12,0.4719,1.6975,12,resident,,,False,Chlidonias hybrida,"Chlidonias hybrida (Pallas, 1811)",Charadriiformes,Laridae,LC,LEAST_CONCERN
2481174,10,0.4866,0.7385,2,resident,,,True,Larus fuscus,"Larus fuscus Linnaeus, 1758",Charadriiformes,Laridae,LC,LEAST_CONCERN
2481205,1,0.0,0.0,11,passage,11.0,11.0,True,Rissa tridactyla,"Rissa tridactyla (Linnaeus, 1758)",Charadriiformes,Laridae,VU,VULNERABLE
2481207,5,0.6519,3.8733,10,migratory,9.0,1.0,False,Rynchops albicollis,"Rynchops albicollis Swainson, 1838",Charadriiformes,Laridae,EN,ENDANGERED
2481236,12,0.5531,0.5169,2,resident,,,True,Hydroprogne caspia,"Hydroprogne caspia (Pallas, 1770)",Charadriiformes,Laridae,LC,LEAST_CONCERN
2481240,9,0.4765,1.4031,12,migratory,8.0,4.0,True,Thalasseus sandvicensis,"Thalasseus sandvicensis (Latham, 1787)",Charadriiformes,Laridae,LC,LEAST_CONCERN
2481263,12,0.4644,0.546,12,resident,,,True,Gelochelidon nilotica,"Gelochelidon nilotica (J.F.Gmelin, 1789)",Charadriiformes,Laridae,LC,LEAST_CONCERN
2481621,7,1.1221,3.3714,7,migratory,7.0,1.0,True,Stercorarius parasiticus,"Stercorarius parasiticus (Linnaeus, 1758)",Charadriiformes,Stercorariidae,LC,LEAST_CONCERN
2481670,4,0.9247,0.0045,3,migratory,12.0,3.0,True,Limnodromus scolopaceus,"Limnodromus scolopaceus (Say, 1822)",Charadriiformes,Scolopacidae,NT,NEAR_THREATENED
2481681,9,0.6144,0.9017,11,migratory,8.0,4.0,True,Limosa lapponica,"Limosa lapponica (Linnaeus, 1758)",Charadriiformes,Scolopacidae,NT,NEAR_THREATENED
2481685,12,0.6613,3.7157,12,resident,,,False,Limosa limosa,"Limosa limosa (Linnaeus, 1758)",Charadriiformes,Scolopacidae,NT,NEAR_THREATENED
2481703,11,0.4718,0.6786,11,resident,,,True,Xenus cinereus,"Xenus cinereus (Güldenstädt, 1775)",Charadriiformes,Scolopacidae,LC,LEAST_CONCERN
2481713,12,0.684,2.1511,12,resident,,,False,Tringa glareola,"Tringa glareola Linnaeus, 1758",Charadriiformes,Scolopacidae,LC,LEAST_CONCERN
2481714,12,0.57,1.3941,12,resident,,,True,Tringa totanus,"Tringa totanus (Linnaeus, 1758)",Charadriiformes,Scolopacidae,LC,LEAST_CONCERN
2481719,12,0.7707,2.6633,12,resident,,,False,Tringa stagnatilis,"Tringa stagnatilis (Bechstein, 1803)",Charadriiformes,Scolopacidae,LC,LEAST_CONCERN
2481725,11,0.7571,3.4733,1,resident,,,False,Tringa erythropus,"Tringa erythropus (Pallas, 1764)",Charadriiformes,Scolopacidae,LC,LEAST_CONCERN
2481726,12,0.6839,2.22,12,resident,,,False,Tringa nebularia,"Tringa nebularia (Gunnerus, 1767)",Charadriiformes,Scolopacidae,LC,LEAST_CONCERN
2481728,12,0.7432,2.1449,12,resident,,,False,Tringa ochropus,"Tringa ochropus Linnaeus, 1758",Charadriiformes,Scolopacidae,LC,LEAST_CONCERN
2481740,10,0.5279,4.0297,12,resident,,,False,Calidris temminckii,"Calidris temminckii (Leisler, 1812)",Charadriiformes,Scolopacidae,LC,LEAST_CONCERN
2481741,12,0.5819,1.1488,11,resident,,,True,Calidris ferruginea,"Calidris ferruginea (Pontoppidan, 1763)",Charadriiformes,Scolopacidae,VU,VULNERABLE
2481748,10,0.6186,0.5262,11,resident,,,True,Calidris alba,"Calidris alba (Pallas, 1764)",Charadriiformes,Scolopacidae,LC,LEAST_CONCERN
2481749,12,0.6208,2.0758,12,resident,,,False,Calidris minuta,"Calidris minuta (Leisler, 1812)",Charadriiformes,Scolopacidae,LC,LEAST_CONCERN
2481750,1,0.0,0.0,3,passage,3.0,3.0,True,Calidris subminuta,"Calidris subminuta (Middendorff, 1853)",Charadriiformes,Scolopacidae,LC,LEAST_CONCERN
2481759,10,0.5617,0.6455,11,resident,,,True,Calidris alpina,"Calidris alpina (Linnaeus, 1758)",Charadriiformes,Scolopacidae,NT,NEAR_THREATENED
2481765,3,0.3472,0.0014,2,migratory,2.0,4.0,True,Calidris canutus,"Calidris canutus (Linnaeus, 1758)",Charadriiformes,Scolopacidae,NT,NEAR_THREATENED
2481768,9,0.6686,0.5949,11,migratory,8.0,4.0,True,Calidris tenuirostris,"Calidris tenuirostris (Horsfield, 1821)",Charadriiformes,Scolopacidae,EN,ENDANGERED
2481776,12,0.5732,0.6645,10,resident,,,True,Arenaria interpres,"Arenaria interpres (Linnaeus, 1758)",Charadriiformes,Scolopacidae,NT,NEAR_THREATENED
2481784,11,0.3825,1.8177,2,resident,,,True,Numenius phaeopus,"Numenius phaeopus (Linnaeus, 1758)",Charadriiformes,Scolopacidae,LC,LEAST_CONCERN
2481792,12,0.5267,0.6392,10,resident,,,True,Numenius arquata,"Numenius arquata (Linnaeus, 1758)",Charadriiformes,Scolopacidae,NT,NEAR_THREATENED
2481800,12,0.5994,2.1752,12,resident,,,False,Actitis hypoleucos,"Actitis hypoleucos (Linnaeus, 1758)",Charadriiformes,Scolopacidae,LC,LEAST_CONCERN
2481819,10,0.6919,3.9014,12,resident,,,False,Gallinago gallinago,"Gallinago gallinago (Linnaeus, 1758)",Charadriiformes,Scolopacidae,LC,LEAST_CONCERN
2481828,7,0.4782,0.9631,12,migratory,10.0,4.0,False,Gallinago stenura,"Gallinago stenura (Bonaparte, 1831)",Charadriiformes,Scolopacidae,LC,LEAST_CONCERN
2481835,5,0.6589,3.5269,12,migratory,11.0,3.0,False,Lymnocryptes minimus,"Lymnocryptes minimus (Brünnich, 1764)",Charadriiformes,Scolopacidae,LC,LEAST_CONCERN
2481840,12,0.2641,2.0434,1,resident,,,False,Hydrophasianus chirurgus,"Hydrophasianus chirurgus (Scopoli, 1786)",Charadriiformes,Jacanidae,LC,LEAST_CONCERN
2481850,12,0.1706,1.5431,2,resident,,,False,Metopidius indicus,"Metopidius indicus (Latham, 1790)",Charadriiformes,Jacanidae,LC,LEAST_CONCERN
2481889,12,0.1384,1.1484,1,resident,,,False,Phalacrocorax fuscicollis,"Phalacrocorax fuscicollis Stephens, 1826",Suliformes,Phalacrocoracidae,LC,LEAST_CONCERN
2481890,12,0.5297,2.0421,12,resident,,,False,Phalacrocorax carbo,"Phalacrocorax carbo (Linnaeus, 1758)",Suliformes,Phalacrocoracidae,LC,LEAST_CONCERN
2481909,7,0.4681,1.1795,12,migratory,10.0,4.0,False,Ciconia nigra,"Ciconia nigra (Linnaeus, 1758)",Ciconiiformes,Ciconiidae,LC,LEAST_CONCERN
2481912,5,0.7877,1.4155,12,migratory,11.0,3.0,False,Ciconia ciconia,"Ciconia ciconia (Linnaeus, 1758)",Ciconiiformes,Ciconiidae,LC,LEAST_CONCERN
2481918,12,0.2264,1.6188,1,resident,,,False,Ciconia episcopus,"Ciconia episcopus (Boddaert, 1783)",Ciconiiformes,Ciconiidae,NT,NEAR_THREATENED
2481938,12,0.2619,0.827,12,resident,,,False,Mycteria leucocephala,"Mycteria leucocephala (Pennant, 1769)",Ciconiiformes,Ciconiidae,LC,LEAST_CONCERN
2481947,11,0.54,4.0451,5,resident,,,False,Leptoptilos javanicus,"Leptoptilos javanicus (Horsfield, 1821)",Ciconiiformes,Ciconiidae,NT,NEAR_THREATENED
2482003,3,0.185,3.2816,10,migratory,7.0,10.0,True,Oceanodroma monorhis,"Hydrobates monorhis (Swinhoe, 1867)",Procellariiformes,Hydrobatidae,NT,NEAR_THREATENED
2482029,12,0.809,1.3222,5,resident,,,False,Rostratula benghalensis,"Rostratula benghalensis (Linnaeus, 1758)",Charadriiformes,Rostratulidae,LC,LEAST_CONCERN
2482048,12,0.2854,1.6224,12,resident,,,False,Tachybaptus ruficollis,"Tachybaptus ruficollis (Pallas, 1764)",Podicipediformes,Podicipedidae,LC,LEAST_CONCERN
2482054,4,0.4343,2.2817,2,migratory,11.0,2.0,False,Podiceps cristatus,"Podiceps cristatus (Linnaeus, 1758)",Podicipediformes,Podicipedidae,LC,LEAST_CONCERN
2482065,1,0.0,0.0,10,passage,10.0,10.0,True,Podiceps nigricollis,"Podiceps nigricollis C.L.Brehm, 1831",Podicipediformes,Podicipedidae,LC,LEAST_CONCERN
2482081,12,0.4719,1.483,1,resident,,,False,Anhinga melanogaster,"Anhinga melanogaster Pennant, 1769",Suliformes,Anhingidae,LC,LEAST_CONCERN
2482089,12,0.6159,3.6397,4,resident,,,False,Esacus recurvirostris,"Esacus recurvirostris (Cuvier, 1829)",Charadriiformes,Burhinidae,NT,NEAR_THREATENED
2482451,12,0.1784,1.8104,1,resident,,,False,Dendrocitta vagabunda,"Dendrocitta vagabunda (Latham, 1790)",Passeriformes,Corvidae,LC,LEAST_CONCERN
2482487,12,0.1565,0.1954,2,resident,,,False,Corvus macrorhynchos,"Corvus macrorhynchos Wagler, 1827",Passeriformes,Corvidae,LC,LEAST_CONCERN
2482499,12,0.1552,0.3023,2,resident,,,False,Corvus splendens,"Corvus splendens Vieillot, 1817",Passeriformes,Corvidae,LC,LEAST_CONCERN
2484096,12,0.3243,0.4338,2,resident,,,False,Aegithina tiphia,"Aegithina tiphia (Linnaeus, 1758)",Passeriformes,Aegithinidae,LC,LEAST_CONCERN
2484653,12,0.3482,1.2082,12,resident,,,False,Arachnothera longirostra,"Arachnothera longirostra (Latham, 1790)",Passeriformes,Nectariniidae,LC,LEAST_CONCERN
2484722,12,0.6036,1.3877,2,resident,,,False,Dicaeum concolor,"Dicaeum concolor Jerdon, 1840",Passeriformes,Dicaeidae,LC,LEAST_CONCERN
2484723,12,0.1449,0.4072,2,resident,,,False,Dicaeum erythrorhynchos,"Dicaeum erythrorhynchos (Latham, 1790)",Passeriformes,Dicaeidae,LC,LEAST_CONCERN
2484857,12,0.1767,1.1978,2,resident,,,False,Tephrodornis pondicerianus,"Tephrodornis pondicerianus (Gmelin, 1789)",Passeriformes,Tephrodornithidae,LC,LEAST_CONCERN
2484887,10,0.4551,2.3465,1,resident,,,False,Sitta castanea,"Sitta castanea Lesson, 1830",Passeriformes,Sittidae,LC,LEAST_CONCERN
2486119,12,0.1787,0.7235,11,resident,,,False,Pycnonotus luteolus,"Pycnonotus luteolus (Lesson, 1841)",Passeriformes,Pycnonotidae,LC,LEAST_CONCERN
2486131,12,0.1494,0.5646,2,resident,,,False,Pycnonotus cafer,"Pycnonotus cafer (Linnaeus, 1766)",Passeriformes,Pycnonotidae,LC,LEAST_CONCERN
2486132,12,0.2598,0.0841,11,resident,,,True,Pycnonotus leucotis,"Pycnonotus leucotis (Gould, 1836)",Passeriformes,Pycnonotidae,LC,LEAST_CONCERN
2486151,12,0.1853,0.3224,2,resident,,,True,Pycnonotus jocosus,"Pycnonotus jocosus (Linnaeus, 1758)",Passeriformes,Pycnonotidae,LC,LEAST_CONCERN
2486625,12,0.3963,1.6714,2,resident,,,False,Hypothymis azurea,"Hypothymis azurea (Boddaert, 1783)",Passeriformes,Monarchidae,LC,LEAST_CONCERN
2486687,12,0.4952,5.0089,2,resident,,,False,Terpsiphone paradisi,"Terpsiphone paradisi (Linnaeus, 1758)",Passeriformes,Monarchidae,LC,LEAST_CONCERN
2486748,12,0.4646,1.5003,12,resident,,,False,Hemipus picatus,"Hemipus picatus (Sykes, 1832)",Passeriformes,Tephrodornithidae,LC,LEAST_CONCERN
2486770,12,0.4026,2.5199,2,resident,,,False,Coracina macei,"Coracina macei (Lesson, 1831)",Passeriformes,Campephagidae,LC,LEAST_CONCERN
2486772,12,0.5563,1.8409,5,resident,,,False,Coracina melanoptera,"Lalage melanoptera (Rüppell, 1839)",Passeriformes,Campephagidae,LC,LEAST_CONCERN
2486789,1,0.0,0.0,12,passage,12.0,12.0,False,Coracina melaschistos,"Lalage melaschistos (Hodgson, 1836)",Passeriformes,Campephagidae,LC,LEAST_CONCERN
2486813,1,0.0,0.0,1,passage,1.0,1.0,False,Pericrocotus ethologus,"Pericrocotus ethologus Bangs & J.C.Phillips, 1914",Passeriformes,Campephagidae,LC,LEAST_CONCERN
2486815,1,0.0,0.0,11,passage,11.0,11.0,True,Pericrocotus roseus,"Pericrocotus roseus (Vieillot, 1818)",Passeriformes,Campephagidae,LC,LEAST_CONCERN
2486819,12,0.2562,0.8052,2,resident,,,False,Pericrocotus flammeus,"Pericrocotus flammeus (J.R.Forster, 1781)",Passeriformes,Campephagidae,LC,LEAST_CONCERN
2486822,12,0.1107,0.849,2,resident,,,False,Pericrocotus cinnamomeus,"Pericrocotus cinnamomeus (Linnaeus, 1766)",Passeriformes,Campephagidae,LC,LEAST_CONCERN
2486823,12,0.8875,2.1437,9,resident,,,False,Pericrocotus erythropygius,"Pericrocotus erythropygius (Jerdon, 1840)",Passeriformes,Campephagidae,LC,LEAST_CONCERN
2487395,1,0.0,0.0,2,passage,2.0,2.0,False,Cephalopyrus flammiceps,"Cephalopyrus flammiceps (Burton, 1836)",Passeriformes,Remizidae,LC,LEAST_CONCERN
2487575,6,0.4917,2.1026,3,migratory,10.0,5.0,False,Salpornis spilonotus,"Salpornis spilonotus (Franklin, 1831)",Passeriformes,Certhiidae,LC,LEAST_CONCERN
2488929,10,0.6406,0.2314,12,resident,,,False,Irena puella,"Irena puella (Latham, 1790)",Passeriformes,Irenidae,LC,LEAST_CONCERN
2488963,12,0.2993,1.701,2,resident,,,False,Oriolus xanthornus,"Oriolus xanthornus (Linnaeus, 1758)",Passeriformes,Oriolidae,LC,LEAST_CONCERN
2489004,12,0.5794,1.4578,5,resident,,,False,Acridotheres ginginianus,"Acridotheres ginginianus (Latham, 1790)",Passeriformes,Sturnidae,LC,LEAST_CONCERN
2489005,12,0.1954,0.5194,2,resident,,,False,Acridotheres tristis,"Acridotheres tristis (Linnaeus, 1766)",Passeriformes,Sturnidae,LC,LEAST_CONCERN
2489006,12,0.2078,0.2598,2,resident,,,False,Acridotheres fuscus,"Acridotheres fuscus (Wagler, 1827)",Passeriformes,Sturnidae,LC,LEAST_CONCERN
2489160,8,0.4824,5.1203,10,migratory,9.0,5.0,False,Riparia riparia,"Riparia riparia (Linnaeus, 1758)",Passeriformes,Hirundinidae,LC,LEAST_CONCERN
2489214,6,0.168,2.5453,2,migratory,11.0,4.0,False,Delichon urbicum,"Delichon urbicum (Linnaeus, 1758)",Passeriformes,Hirundinidae,LC,LEAST_CONCERN
2489362,12,0.3388,0.8503,5,resident,,,False,Zosterops palpebrosus,"Zosterops palpebrosus (Temminck, 1824)",Passeriformes,Zosteropidae,LC,LEAST_CONCERN
2489507,12,1.5637,3.0811,5,resident,,,False,Pitta brachyura,"Pitta brachyura (Linnaeus, 1766)",Passeriformes,Pittidae,LC,LEAST_CONCERN
2490244,8,0.6907,1.4522,1,migratory,10.0,5.0,False,Anthus hodgsoni,"Anthus hodgsoni Richmond, 1907",Passeriformes,Motacillidae,LC,LEAST_CONCERN
2490246,9,0.622,1.5871,11,migratory,9.0,5.0,False,Anthus trivialis,"Anthus trivialis (Linnaeus, 1758)",Passeriformes,Motacillidae,LC,LEAST_CONCERN
2490264,8,0.5157,1.8795,12,migratory,9.0,4.0,False,Anthus godlewskii,"Anthus godlewskii (Taczanowski, 1876)",Passeriformes,Motacillidae,LC,LEAST_CONCERN
2490274,9,0.7054,1.5309,11,migratory,9.0,5.0,False,Anthus campestris,"Anthus campestris (Linnaeus, 1758)",Passeriformes,Motacillidae,LC,LEAST_CONCERN
2490277,12,0.2516,1.3566,11,resident,,,False,Anthus rufulus,"Anthus rufulus Vieillot, 1818",Passeriformes,Motacillidae,LC,LEAST_CONCERN
2490283,3,1.1205,0.7261,3,migratory,12.0,3.0,False,Anthus cervinus,"Anthus cervinus (Pallas, 1811)",Passeriformes,Motacillidae,LC,LEAST_CONCERN
2490290,1,0.0,0.0,1,passage,1.0,1.0,False,Anthus roseatus,"Anthus roseatus Blyth, 1847",Passeriformes,Motacillidae,LC,LEAST_CONCERN
2490292,12,0.7744,2.1105,11,resident,,,False,Anthus similis,"Anthus similis (Jerdon, 1840)",Passeriformes,Motacillidae,LC,LEAST_CONCERN
2490303,3,0.3298,2.5499,12,migratory,12.0,4.0,False,Motacilla tschutschensis,"Motacilla tschutschensis Gmelin, 1789",Passeriformes,Motacillidae,LC,LEAST_CONCERN
2490307,8,0.7265,3.9077,1,migratory,9.0,4.0,False,Motacilla citreola,"Motacilla citreola Pallas, 1776",Passeriformes,Motacillidae,LC,LEAST_CONCERN
2490310,10,0.6397,2.0416,1,resident,,,False,Motacilla cinerea,"Motacilla cinerea Tunstall, 1771",Passeriformes,Motacillidae,LC,LEAST_CONCERN
2490317,9,0.7437,4.5525,3,migratory,9.0,5.0,False,Dendronanthus indicus,"Dendronanthus indicus (Gmelin, 1789)",Passeriformes,Motacillidae,LC,LEAST_CONCERN
2490585,7,0.9984,1.2953,8,migratory,2.0,10.0,False,Mirafra javanica,"Mirafra javanica Horsfield, 1821",Passeriformes,Alaudidae,LC,LEAST_CONCERN
2490669,1,0.0,0.0,11,passage,11.0,11.0,False,Galerida cristata,"Galerida cristata (Linnaeus, 1758)",Passeriformes,Alaudidae,LC,LEAST_CONCERN
2490671,12,0.7532,1.7941,8,resident,,,False,Galerida deva,"Galerida deva (Sykes, 1832)",Passeriformes,Alaudidae,LC,LEAST_CONCERN
2490672,12,0.6055,0.9258,9,resident,,,False,Galerida malabarica,"Galerida malabarica (Scopoli, 1786)",Passeriformes,Alaudidae,LC,LEAST_CONCERN
2490681,7,0.507,1.4054,11,migratory,9.0,3.0,False,Calandrella brachydactyla,"Calandrella dukhunensis (Sykes, 1832)",Passeriformes,Alaudidae,LC,LEAST_CONCERN
2490698,12,0.5217,3.1967,11,resident,,,False,Alauda gulgula,"Alauda gulgula Franklin, 1831",Passeriformes,Alaudidae,LC,LEAST_CONCERN
2490728,2,0.8392,0.0542,2,passage,1.0,2.0,True,Turdus obscurus,"Turdus obscurus Gmelin, 1789",Passeriformes,Turdidae,LC,LEAST_CONCERN
2490788,5,0.8731,1.4988,2,migratory,11.0,3.0,False,Turdus unicolor,"Turdus unicolor Tickell, 1833",Passeriformes,Turdidae,LC,LEAST_CONCERN
2490955,9,0.5511,2.115,10,migratory,9.0,5.0,False,Monticola solitarius,"Monticola solitarius (Linnaeus, 1758)",Passeriformes,Muscicapidae,LC,LEAST_CONCERN
2490956,1,0.0,0.0,10,passage,10.0,10.0,True,Monticola saxatilis,"Monticola saxatilis (Linnaeus, 1766)",Passeriformes,Muscicapidae,LC,LEAST_CONCERN
2491489,1,0.0,0.0,2,passage,2.0,2.0,False,Emberiza stewarti,"Emberiza stewarti (Blyth, 1854)",Passeriformes,Emberizidae,LC,LEAST_CONCERN
2491521,8,0.7975,1.4649,12,migratory,9.0,4.0,False,Emberiza bruniceps,"Emberiza bruniceps J.F.Brandt, 1841",Passeriformes,Emberizidae,LC,LEAST_CONCERN
2491585,10,1.2443,0.9444,9,resident,,,False,Emberiza striolata,"Emberiza striolata (M.H.K.Lichtenstein, 1823)",Passeriformes,Emberizidae,LC,LEAST_CONCERN
2492391,2,0.9397,0.1585,3,passage,2.0,3.0,True,Cyanoptila cyanomelana,"Cyanoptila cyanomelana (Temminck, 1829)",Passeriformes,Muscicapidae,LC,LEAST_CONCERN
2492428,12,0.2334,1.0936,11,resident,,,False,Cyornis tickelliae,"Cyornis tickelliae Blyth, 1843",Passeriformes,Muscicapidae,LC,LEAST_CONCERN
2492434,5,0.9533,3.7647,10,migratory,10.0,3.0,False,Cyornis rubeculoides,"Cyornis rubeculoides (Vigors, 1831)",Passeriformes,Muscicapidae,LC,LEAST_CONCERN
2492519,12,0.2534,0.6105,11,resident,,,False,Saxicola caprata,"Saxicola caprata (Linnaeus, 1766)",Passeriformes,Muscicapidae,LC,LEAST_CONCERN
2492521,1,0.0,0.0,10,passage,10.0,10.0,True,Saxicola rubetra,"Saxicola rubetra (Linnaeus, 1758)",Passeriformes,Muscicapidae,LC,LEAST_CONCERN
2492537,3,0.3329,4.5851,11,migratory,11.0,3.0,False,Luscinia calliope,"Calliope calliope (Pallas, 1776)",Passeriformes,Muscicapidae,LC,LEAST_CONCERN
2492557,8,0.5341,6.409,2,migratory,9.0,4.0,False,Muscicapa muttui,"Muscicapa muttui (E.L.Layard, 1854)",Passeriformes,Muscicapidae,LC,LEAST_CONCERN
2492558,6,1.1416,1.6477,10,migratory,10.0,3.0,False,Muscicapa ruficauda,"Ficedula ruficauda (Swainson, 1838)",Passeriformes,Muscicapidae,LC,LEAST_CONCERN
2492576,3,0.7469,1.234,10,migratory,8.0,12.0,True,Muscicapa striata,"Muscicapa striata (Pallas, 1764)",Passeriformes,Muscicapidae,LC,LEAST_CONCERN
2492605,8,0.6848,1.7283,2,migratory,9.0,4.0,False,Ficedula parva,"Ficedula parva (Bechstein, 1792)",Passeriformes,Muscicapidae,LC,LEAST_CONCERN
2492634,6,0.7055,0.821,1,migratory,10.0,3.0,False,Culicicapa ceylonensis,"Culicicapa ceylonensis (Swainson, 1820)",Passeriformes,Stenostiridae,LC,LEAST_CONCERN
2492675,12,0.552,0.8576,5,resident,,,True,Copsychus malabaricus,"Copsychus malabaricus (Scopoli, 1786)",Passeriformes,Muscicapidae,LC,LEAST_CONCERN
2492680,12,0.2862,0.6179,2,resident,,,False,Copsychus saularis,"Copsychus saularis (Linnaeus, 1758)",Passeriformes,Muscicapidae,LC,LEAST_CONCERN
2492746,9,0.8931,1.3296,8,migratory,1.0,12.0,False,Prinia buchanani,"Prinia buchanani Blyth, 1844",Passeriformes,Cisticolidae,LC,LEAST_CONCERN
2492752,12,0.2524,0.5959,2,resident,,,False,Prinia socialis,"Prinia socialis Sykes, 1832",Passeriformes,Cisticolidae,LC,LEAST_CONCERN
2492754,12,0.5567,1.5347,10,resident,,,False,Prinia sylvatica,"Prinia sylvatica Jerdon, 1840",Passeriformes,Cisticolidae,LC,LEAST_CONCERN
2492758,12,0.2422,0.7435,11,resident,,,False,Prinia inornata,"Prinia inornata Sykes, 1832",Passeriformes,Cisticolidae,LC,LEAST_CONCERN
2492766,12,0.3939,0.8234,10,resident,,,False,Prinia hodgsonii,"Prinia hodgsonii Blyth, 1844",Passeriformes,Cisticolidae,LC,LEAST_CONCERN
2492822,12,0.5769,0.8763,10,resident,,,False,Cisticola juncidis,"Cisticola juncidis (Rafinesque, 1810)",Passeriformes,Cisticolidae,LC,LEAST_CONCERN
2492846,8,0.4241,1.3477,12,migratory,9.0,4.0,False,Lanius cristatus,"Lanius cristatus Linnaeus, 1758",Passeriformes,Laniidae,LC,LEAST_CONCERN
2492851,12,0.4673,1.5121,11,resident,,,False,Lanius vittatus,"Lanius vittatus Valenciennes, 1826",Passeriformes,Laniidae,LC,LEAST_CONCERN
2492865,7,0.5989,1.0619,12,migratory,9.0,3.0,False,Lanius isabellinus,"Lanius isabellinus Hemprich & Ehrenberg, 1833",Passeriformes,Laniidae,LC,LEAST_CONCERN
2492921,12,0.3328,1.1303,5,resident,,,False,Dumetia hyperythra,"Dumetia hyperythra (Franklin, 1831)",Passeriformes,Timaliidae,LC,LEAST_CONCERN
2492960,10,0.8251,1.5026,11,resident,,,False,Sylvia curruca,"Curruca curruca (Linnaeus, 1758)",Passeriformes,Sylviidae,LC,LEAST_CONCERN
2492963,1,0.0,0.0,10,passage,10.0,10.0,True,Sylvia nana,"Curruca nana Hemprich & Ehrenberg, 1833",Passeriformes,Sylviidae,LC,LEAST_CONCERN
2493019,1,0.0,0.0,3,passage,3.0,3.0,False,Seicercus burkii,"Phylloscopus burkii (Burton, 1836)",Passeriformes,Phylloscopidae,LC,LEAST_CONCERN
2493028,12,0.2585,0.4187,2,resident,,,False,Orthotomus sutorius,"Orthotomus sutorius (Pennant, 1769)",Passeriformes,Cisticolidae,LC,LEAST_CONCERN
2493055,8,0.5081,0.6663,11,migratory,9.0,4.0,False,Phylloscopus occipitalis,"Phylloscopus occipitalis (Blyth, 1845)",Passeriformes,Phylloscopidae,LC,LEAST_CONCERN
2493062,8,0.677,4.4962,2,migratory,10.0,5.0,False,Phylloscopus griseolus,"Phylloscopus griseolus Blyth, 1847",Passeriformes,Phylloscopidae,LC,LEAST_CONCERN
2493067,6,0.4498,0.4267,2,migratory,10.0,3.0,False,Phylloscopus tytleri,"Phylloscopus tytleri W.E.Brooks, 1871",Passeriformes,Phylloscopidae,LC,LEAST_CONCERN
2493068,6,0.4587,1.1004,3,migratory,10.0,3.0,False,Phylloscopus affinis,"Phylloscopus affinis (Tickell, 1833)",Passeriformes,Phylloscopidae,LC,LEAST_CONCERN
2493069,8,0.611,4.8451,10,migratory,9.0,4.0,False,Phylloscopus magnirostris,"Phylloscopus magnirostris Blyth, 1843",Passeriformes,Phylloscopidae,LC,LEAST_CONCERN
2493084,10,0.6745,2.6526,11,resident,,,False,Phylloscopus trochiloides,"Phylloscopus trochiloides (Sundevall, 1837)",Passeriformes,Phylloscopidae,LC,LEAST_CONCERN
2493091,8,0.6562,3.4827,1,migratory,9.0,4.0,False,Phylloscopus collybita,"Phylloscopus collybita (Vieillot, 1817)",Passeriformes,Phylloscopidae,LC,LEAST_CONCERN
2493095,7,0.4918,0.9259,1,migratory,10.0,4.0,True,Phylloscopus inornatus,"Phylloscopus inornatus (Blyth, 1842)",Passeriformes,Phylloscopidae,LC,LEAST_CONCERN
2493124,2,0.4469,0.0005,1,passage,1.0,2.0,False,Acrocephalus melanopogon,"Acrocephalus melanopogon (Temminck, 1823)",Passeriformes,Acrocephalidae,LC,LEAST_CONCERN
2493137,8,0.6621,0.7981,12,migratory,9.0,4.0,False,Acrocephalus agricola,"Acrocephalus agricola (Jerdon, 1845)",Passeriformes,Acrocephalidae,LC,LEAST_CONCERN
2493145,10,0.707,1.5439,12,resident,,,False,Acrocephalus dumetorum,"Acrocephalus dumetorum Blyth, 1849",Passeriformes,Acrocephalidae,LC,LEAST_CONCERN
2493248,12,0.414,0.6625,6,resident,,,True,Pellorneum ruficeps,"Pellorneum ruficeps Swainson, 1832",Passeriformes,Pellorneidae,LC,LEAST_CONCERN
2493314,12,0.2678,0.7333,11,resident,,,False,Turdoides malcolmi,"Argya malcolmi (Sykes, 1832)",Passeriformes,Leiothrichidae,LC,LEAST_CONCERN
2493324,9,0.4077,2.416,6,migratory,3.0,12.0,False,Turdoides affinis,"Argya affinis (Jerdon, 1845)",Passeriformes,Leiothrichidae,LC,LEAST_CONCERN
2493332,12,0.2254,0.7738,12,resident,,,False,Pomatorhinus horsfieldii,"Pomatorhinus horsfieldii Sykes, 1832",Passeriformes,Timaliidae,LC,LEAST_CONCERN
2493548,7,0.8004,1.2121,12,migratory,9.0,3.0,True,Locustella naevia,"Locustella naevia (Boddaert, 1783)",Passeriformes,Locustellidae,LC,LEAST_CONCERN
2493598,12,0.6443,0.9066,10,resident,,,False,Lonchura punctulata,"Lonchura punctulata (Linnaeus, 1758)",Passeriformes,Estrildidae,LC,LEAST_CONCERN
2493608,11,0.851,1.5009,9,resident,,,False,Lonchura kelaarti,"Lonchura kelaarti (Jerdon, 1863)",Passeriformes,Estrildidae,LC,LEAST_CONCERN
2493618,12,0.2881,1.306,12,resident,,,False,Lonchura striata,"Lonchura striata (Linnaeus, 1766)",Passeriformes,Estrildidae,LC,LEAST_CONCERN
2493626,12,0.7554,1.1261,10,resident,,,False,Lonchura malacca,"Lonchura malacca (Linnaeus, 1766)",Passeriformes,Estrildidae,LC,LEAST_CONCERN
2493698,12,0.4504,0.9057,11,resident,,,False,Amandava amandava,"Amandava amandava (Linnaeus, 1758)",Passeriformes,Estrildidae,LC,LEAST_CONCERN
2493967,5,0.4901,3.8759,1,migratory,11.0,3.0,False,Dicrurus hottentottus,"Dicrurus hottentottus (Linnaeus, 1766)",Passeriformes,Dicruridae,LC,LEAST_CONCERN
2493969,12,0.3883,2.6356,2,resident,,,False,Dicrurus paradiseus,"Dicrurus paradiseus (Linnaeus, 1766)",Passeriformes,Dicruridae,LC,LEAST_CONCERN
2493970,12,0.1061,1.2795,2,resident,,,False,Dicrurus macrocercus,"Dicrurus macrocercus Vieillot, 1817",Passeriformes,Dicruridae,LC,LEAST_CONCERN
2493971,12,0.2459,1.3977,2,resident,,,True,Dicrurus aeneus,"Dicrurus aeneus Vieillot, 1817",Passeriformes,Dicruridae,LC,LEAST_CONCERN
2493974,12,0.2915,2.5552,2,resident,,,False,Dicrurus caerulescens,"Dicrurus caerulescens (Linnaeus, 1758)",Passeriformes,Dicruridae,LC,LEAST_CONCERN
2494022,12,0.6214,3.2545,6,resident,,,False,Ploceus benghalensis,"Ploceus benghalensis (Linnaeus, 1758)",Passeriformes,Ploceidae,LC,LEAST_CONCERN
2494036,8,0.6577,1.3731,6,migratory,1.0,12.0,False,Ploceus manyar,"Ploceus manyar (Horsfield, 1821)",Passeriformes,Ploceidae,LC,LEAST_CONCERN
2494056,12,0.6783,1.0589,9,resident,,,False,Ploceus philippinus,"Ploceus philippinus (Linnaeus, 1766)",Passeriformes,Ploceidae,LC,LEAST_CONCERN
2494459,9,0.4594,1.1814,12,migratory,9.0,5.0,False,Carpodacus erythrinus,"Carpodacus erythrinus (Pallas, 1770)",Passeriformes,Fringillidae,LC,LEAST_CONCERN
2495414,12,0.1522,0.4014,2,resident,,,False,Columba livia,"Columba livia J.F.Gmelin, 1789",Columbiformes,Columbidae,LC,LEAST_CONCERN
2495681,12,0.6488,1.9592,3,resident,,,False,Streptopelia orientalis,"Streptopelia orientalis (Latham, 1790)",Columbiformes,Columbidae,LC,LEAST_CONCERN
2495691,12,0.3882,2.6212,8,resident,,,False,Streptopelia tranquebarica,"Streptopelia tranquebarica (Hermann, 1804)",Columbiformes,Columbidae,LC,LEAST_CONCERN
2495696,12,0.2408,2.0662,11,resident,,,False,Streptopelia decaocto,"Streptopelia decaocto (Frivaldszky, 1838)",Columbiformes,Columbidae,LC,LEAST_CONCERN
2495757,12,0.3485,1.7108,2,resident,,,False,Treron phoenicopterus,"Treron phoenicopterus (Latham, 1790)",Columbiformes,Columbidae,LC,LEAST_CONCERN
2495776,9,0.5924,4.3262,12,migratory,10.0,6.0,False,Treron bicinctus,"Treron bicinctus (Jerdon, 1840)",Columbiformes,Columbidae,LC,LEAST_CONCERN
2495840,12,0.6548,1.945,3,resident,,,False,Chalcophaps indica,"Chalcophaps indica (Linnaeus, 1758)",Columbiformes,Columbidae,LC,LEAST_CONCERN
2495934,11,0.6058,4.8687,5,resident,,,False,Ducula aenea,"Ducula aenea (Linnaeus, 1766)",Columbiformes,Columbidae,NT,NEAR_THREATENED
2495993,10,0.5208,0.4621,12,resident,,,False,Ducula badia,"Ducula cuprea (Jerdon, 1840)",Columbiformes,Columbidae,LC,LEAST_CONCERN
2496279,12,1.1702,1.2869,6,resident,,,False,Cacomantis passerinus,"Cacomantis passerinus (Vahl, 1797)",Cuculiformes,Cuculidae,LC,LEAST_CONCERN
2496280,12,0.851,1.061,5,resident,,,True,Cacomantis sonneratii,"Cacomantis sonneratii (Latham, 1790)",Cuculiformes,Cuculidae,LC,LEAST_CONCERN
2496347,12,0.3426,0.5711,2,resident,,,False,Eudynamys scolopaceus,"Eudynamys scolopaceus (Linnaeus, 1758)",Cuculiformes,Cuculidae,LC,LEAST_CONCERN
2496379,12,0.2633,1.5997,12,resident,,,False,Rhopodytes viridirostris,"Phaenicophaeus viridirostris (Jerdon, 1840)",Cuculiformes,Cuculidae,NE,NOT_EVALUATED
2496468,12,1.0169,2.3095,10,resident,,,False,Clamator jacobinus,"Clamator jacobinus (Boddaert, 1783)",Cuculiformes,Cuculidae,LC,LEAST_CONCERN
2496474,12,0.2575,2.8776,2,resident,,,False,Taccocua leschenaultii,"Taccocua leschenaultii Lesson, 1830",Cuculiformes,Cuculidae,LC,LEAST_CONCERN
2496506,12,1.2281,2.6719,6,resident,,,False,Surniculus lugubris,"Surniculus dicruroides (Hodgson, 1839)",Cuculiformes,Cuculidae,LC,LEAST_CONCERN
2496847,1,0.0,0.0,1,passage,1.0,1.0,True,Caprimulgus mahrattensis,"Caprimulgus mahrattensis Sykes, 1832",Caprimulgiformes,Caprimulgidae,LC,LEAST_CONCERN
2496852,12,0.5112,4.2547,12,resident,,,False,Caprimulgus atripennis,"Caprimulgus atripennis Jerdon, 1845",Caprimulgiformes,Caprimulgidae,LC,LEAST_CONCERN
2496944,12,0.1946,2.0261,3,resident,,,False,Caprimulgus asiaticus,"Caprimulgus asiaticus Latham, 1790",Caprimulgiformes,Caprimulgidae,LC,LEAST_CONCERN
2496952,12,0.7876,1.9613,3,resident,,,False,Caprimulgus affinis,"Caprimulgus affinis Horsfield, 1821",Caprimulgiformes,Caprimulgidae,LC,LEAST_CONCERN
2497135,10,0.2782,1.139,12,resident,,,False,Batrachostomus moniliger,"Batrachostomus moniliger Blyth, 1849",Caprimulgiformes,Podargidae,LC,LEAST_CONCERN
2497280,12,0.0748,0.6378,2,resident,,,False,Athene brama,"Athene brama (Temminck, 1821)",Strigiformes,Strigidae,LC,LEAST_CONCERN
2497295,6,0.4108,1.0883,2,migratory,10.0,3.0,False,Asio flammeus,"Asio flammeus (Pontoppidan, 1763)",Strigiformes,Strigidae,LC,LEAST_CONCERN
2497464,11,0.5847,1.9694,1,resident,,,False,Heteroglaux blewitti,"Athene blewitti (Hume, 1873)",Strigiformes,Strigidae,EN,ENDANGERED
2497525,12,0.3074,1.7808,2,resident,,,False,Strix ocellata,"Strix ocellata (R.Lesson, 1839)",Strigiformes,Strigidae,LC,LEAST_CONCERN
2497546,12,0.3759,1.9389,12,resident,,,False,Strix leptogrammica,"Strix leptogrammica Temminck, 1832",Strigiformes,Strigidae,LC,LEAST_CONCERN
2497755,4,0.3448,1.3447,1,migratory,11.0,2.0,False,Otus brucei,"Otus brucei (Hume, 1872)",Strigiformes,Strigidae,LC,LEAST_CONCERN
2497840,11,0.5056,3.3474,12,resident,,,False,Ninox scutulata,"Ninox scutulata (Raffles, 1822)",Strigiformes,Strigidae,LC,LEAST_CONCERN
2498001,12,0.731,2.9968,1,resident,,,False,Sarkidiornis melanotos,"Sarkidiornis melanotos (Pennant, 1769)",Anseriformes,Anatidae,LC,LEAST_CONCERN
2498009,4,0.6834,0.9884,1,migratory,11.0,2.0,True,Tadorna tadorna,"Tadorna tadorna (Linnaeus, 1758)",Anseriformes,Anatidae,LC,LEAST_CONCERN
2498015,10,0.8909,1.1398,12,resident,,,False,Tadorna ferruginea,"Tadorna ferruginea (Pallas, 1764)",Anseriformes,Anatidae,LC,LEAST_CONCERN
2498017,3,0.4928,1.2439,12,migratory,12.0,2.0,False,Anser albifrons,"Anser albifrons (Scopoli, 1769)",Anseriformes,Anatidae,LC,LEAST_CONCERN
2498027,3,0.455,0.2712,12,migratory,12.0,3.0,False,Anser fabalis,"Anser fabalis (Latham, 1787)",Anseriformes,Anatidae,LC,LEAST_CONCERN
2498035,7,0.7749,2.3562,1,migratory,10.0,4.0,False,Anser indicus,"Anser indicus (Latham, 1790)",Anseriformes,Anatidae,LC,LEAST_CONCERN
2498036,5,0.4797,0.8304,12,migratory,11.0,3.0,False,Anser anser,"Anser anser (Linnaeus, 1758)",Anseriformes,Anatidae,LC,LEAST_CONCERN
2498112,9,0.8694,4.6522,1,migratory,1.0,12.0,False,Anas acuta,"Anas acuta Linnaeus, 1758",Anseriformes,Anatidae,LC,LEAST_CONCERN
2498180,8,0.9786,0.6617,1,migratory,10.0,6.0,False,Netta rufina,"Netta rufina (Pallas, 1773)",Anseriformes,Anatidae,LC,LEAST_CONCERN
2498255,7,0.7462,3.7198,1,migratory,10.0,4.0,False,Aythya ferina,"Aythya ferina (Linnaeus, 1758)",Anseriformes,Anatidae,VU,VULNERABLE
2498259,6,0.4986,2.6959,1,migratory,10.0,3.0,False,Aythya nyroca,"Aythya nyroca (Güldenstädt, 1770)",Anseriformes,Anatidae,NT,NEAR_THREATENED
2498261,7,0.7041,1.3196,1,migratory,10.0,4.0,False,Aythya fuligula,"Aythya fuligula (Linnaeus, 1758)",Anseriformes,Anatidae,LC,LEAST_CONCERN
2498310,12,0.4735,1.6874,2,resident,,,False,Nettapus coromandelianus,"Nettapus coromandelianus (J.F.Gmelin, 1789)",Anseriformes,Anatidae,LC,LEAST_CONCERN
2498375,2,0.2873,0.0062,12,passage,12.0,1.0,True,Mergus serrator,"Mergus serrator Linnaeus, 1758",Anseriformes,Anatidae,LC,LEAST_CONCERN
2498404,12,0.1914,2.324,2,resident,,,False,Dendrocygna javanica,"Dendrocygna javanica (Horsfield, 1821)",Anseriformes,Anatidae,LC,LEAST_CONCERN
2498415,12,0.6779,2.1366,11,resident,,,False,Upupa epops,"Upupa epops Linnaeus, 1758",Bucerotiformes,Upupidae,LC,LEAST_CONCERN
4352332,12,0.3586,1.1802,1,resident,,,False,Phoenicopterus roseus,"Phoenicopterus roseus Pallas, 1811",Phoenicopteriformes,Phoenicopteridae,LC,LEAST_CONCERN
4408732,8,0.8233,0.8888,1,migratory,9.0,4.0,False,Luscinia svecica,"Luscinia svecica (Linnaeus, 1758)",Passeriformes,Muscicapidae,LC,LEAST_CONCERN
4408780,12,0.5985,5.7287,2,resident,,,False,Muscicapa latirostris,"Muscicapa dauurica Pallas, 1811",Passeriformes,Muscicapidae,NE,NOT_EVALUATED
4408796,7,0.6926,0.6761,1,migratory,8.0,3.0,True,Ptyonoprogne rupestris,"Ptyonoprogne rupestris (Scopoli, 1769)",Passeriformes,Hirundinidae,LC,LEAST_CONCERN
5227765,12,0.4704,2.3494,3,resident,,,False,Gallus sonneratii,"Gallus sonneratii Temminck, 1813",Galliformes,Phasianidae,LC,LEAST_CONCERN
5227907,12,1.0642,1.7435,9,resident,,,False,Francolinus pictus,"Francolinus pictus (Jardine & Selby, 1828)",Galliformes,Phasianidae,LC,LEAST_CONCERN
5228199,12,0.1798,1.5343,1,resident,,,False,Gallinula chloropus,"Gallinula chloropus (Linnaeus, 1758)",Gruiformes,Rallidae,LC,LEAST_CONCERN
5228310,7,0.3657,1.3883,11,migratory,10.0,4.0,True,Halcyon pileata,"Halcyon pileata (Boddaert, 1783)",Coraciiformes,Alcedinidae,VU,VULNERABLE
5228328,12,0.086,0.4875,11,resident,,,False,Halcyon smyrnensis,"Halcyon smyrnensis (Linnaeus, 1758)",Coraciiformes,Alcedinidae,LC,LEAST_CONCERN
5228386,12,1.4005,2.5167,6,resident,,,False,Ceyx erithaca,"Ceyx erithaca (Linnaeus, 1758)",Coraciiformes,Alcedinidae,NT,NEAR_THREATENED
5228417,12,0.3999,2.8584,5,resident,,,False,Pelargopsis capensis,"Pelargopsis capensis (Linnaeus, 1766)",Coraciiformes,Alcedinidae,LC,LEAST_CONCERN
5228662,12,0.299,0.5722,2,resident,,,False,Apus affinis,"Apus affinis (J.E.Gray, 1830)",Apodiformes,Apodidae,LC,LEAST_CONCERN
5228719,9,0.5654,0.6117,12,migratory,9.0,5.0,False,Picumnus innominatus,"Picumnus innominatus Burton, 1836",Piciformes,Picidae,LC,LEAST_CONCERN
5228816,12,0.3298,2.0288,2,resident,,,False,Dinopium benghalense,"Dinopium benghalense (Linnaeus, 1758)",Piciformes,Picidae,LC,LEAST_CONCERN
5228839,2,0.1999,0.0,3,passage,3.0,6.0,False,Dryocopus javensis,"Dryocopus javensis (Horsfield, 1821)",Piciformes,Picidae,LC,LEAST_CONCERN
5229044,12,0.1677,1.7713,1,resident,,,False,Psittacula cyanocephala,"Psittacula cyanocephala (Linnaeus, 1766)",Psittaciformes,Psittacidae,LC,LEAST_CONCERN
5229045,3,0.3489,0.4179,2,migratory,12.0,3.0,True,Psittacula alexandri,"Psittacula alexandri (Linnaeus, 1758)",Psittaciformes,Psittacidae,NT,NEAR_THREATENED
5229054,12,0.4698,1.2966,12,resident,,,False,Psittacula columboides,"Psittacula columboides (Vigors, 1830)",Psittaciformes,Psittacidae,LC,LEAST_CONCERN
5229055,12,0.1794,0.6744,2,resident,,,False,Psittacula eupatria,"Psittacula eupatria (Linnaeus, 1766)",Psittaciformes,Psittacidae,NT,NEAR_THREATENED
5229126,12,0.3916,1.6409,12,resident,,,False,Himantopus himantopus,"Himantopus himantopus (Linnaeus, 1758)",Charadriiformes,Recurvirostridae,LC,LEAST_CONCERN
5229131,12,0.1028,0.854,2,resident,,,False,Vanellus indicus,"Vanellus indicus (Boddaert, 1783)",Charadriiformes,Charadriidae,LC,LEAST_CONCERN
5229132,8,0.395,1.6028,12,migratory,11.0,6.0,False,Vanellus duvaucelii,"Vanellus duvaucelii (R.Lesson, 1826)",Charadriiformes,Charadriidae,NT,NEAR_THREATENED
5229133,12,0.3601,1.8872,2,resident,,,False,Vanellus malabaricus,"Vanellus malabaricus (Boddaert, 1783)",Charadriiformes,Charadriidae,LC,LEAST_CONCERN
5229145,7,0.4016,5.3597,2,migratory,10.0,4.0,False,Vanellus cinereus,"Vanellus cinereus (Blyth, 1842)",Charadriiformes,Charadriidae,LC,LEAST_CONCERN
5229147,3,0.8871,3.3234,1,migratory,12.0,2.0,False,Vanellus leucurus,"Vanellus leucurus (M.H.K.Lichtenstein, 1823)",Charadriiformes,Charadriidae,LC,LEAST_CONCERN
5229167,12,0.148,0.2916,2,resident,,,False,Milvus migrans,"Milvus migrans (Boddaert, 1783)",Accipitriformes,Accipitridae,LC,LEAST_CONCERN
5229171,1,0.0,0.0,12,passage,12.0,12.0,False,Circus melanoleucos,"Circus melanoleucos (Pennant, 1769)",Accipitriformes,Accipitridae,LC,LEAST_CONCERN
5229198,12,0.2168,1.6165,12,resident,,,False,Ictinaetus malayensis,"Ictinaetus malayensis (Temminck, 1822)",Accipitriformes,Accipitridae,LC,LEAST_CONCERN
5229199,4,0.6666,0.2269,11,migratory,10.0,1.0,True,Dromas ardeola,"Dromas ardeola Paykull, 1805",Charadriiformes,Dromadidae,LC,LEAST_CONCERN
5229230,3,1.0484,0.0372,9,migratory,7.0,9.0,True,Sterna paradisaea,"Sterna paradisaea Pontoppidan, 1763",Charadriiformes,Laridae,LC,LEAST_CONCERN
5229239,12,0.3446,3.1905,12,resident,,,False,Sterna aurantia,"Sterna aurantia J.E.Gray, 1831",Charadriiformes,Laridae,VU,VULNERABLE
5229249,3,1.0409,0.0062,9,migratory,8.0,10.0,True,Sterna dougallii,"Sterna dougallii Montagu, 1813",Charadriiformes,Laridae,LC,LEAST_CONCERN
5229261,3,0.4137,3.5338,12,migratory,10.0,12.0,False,Sterna acuticauda,"Sterna acuticauda J.E.Gray, 1831",Charadriiformes,Laridae,EN,ENDANGERED
5229267,3,0.7762,0.1066,9,migratory,7.0,9.0,True,Sterna repressa,"Sterna repressa E.Hartert, 1916",Charadriiformes,Laridae,LC,LEAST_CONCERN
5229390,2,0.0856,3.2577,3,passage,3.0,5.0,False,Phalaropus fulicarius,"Phalaropus fulicarius (Linnaeus, 1758)",Charadriiformes,Scolopacidae,LC,LEAST_CONCERN
5229410,12,0.1997,1.5239,1,resident,,,False,Anastomus oscitans,"Anastomus oscitans (Boddaert, 1783)",Ciconiiformes,Ciconiidae,LC,LEAST_CONCERN
5229419,4,0.763,2.7158,8,migratory,7.0,10.0,True,Oceanites oceanicus,"Oceanites oceanicus (Kuhl, 1820)",Procellariiformes,Hydrobatidae,LC,LEAST_CONCERN
5230398,12,0.5253,2.2529,11,resident,,,True,Artamus fuscus,"Artamus fuscus Vieillot, 1817",Passeriformes,Artamidae,LC,LEAST_CONCERN
5230726,12,0.272,0.9581,2,resident,,,True,Chloropsis aurifrons,"Chloropsis aurifrons (Temminck, 1829)",Passeriformes,Chloropseidae,LC,LEAST_CONCERN
5230801,12,0.2131,0.8432,12,resident,,,False,Hirundo smithii,"Hirundo smithii Leach & K.D.Koenig, 1818",Passeriformes,Hirundinidae,LC,LEAST_CONCERN
5231007,7,0.3693,1.0919,2,migratory,10.0,4.0,False,Monticola cinclorhynchus,"Monticola cinclorhynchus (Vigors, 1832)",Passeriformes,Muscicapidae,LC,LEAST_CONCERN
5231190,12,0.238,0.5782,2,resident,,,False,Passer domesticus,"Passer domesticus (Linnaeus, 1758)",Passeriformes,Passeridae,LC,LEAST_CONCERN
5231233,2,0.1575,0.0,1,passage,12.0,1.0,False,Oenanthe pleschanka,"Oenanthe pleschanka (Lepechin, 1770)",Passeriformes,Muscicapidae,LC,LEAST_CONCERN
5231238,3,0.3048,1.1504,10,migratory,10.0,12.0,False,Oenanthe picata,"Oenanthe picata (Blyth, 1847)",Passeriformes,Muscicapidae,LC,LEAST_CONCERN
5231244,6,0.6052,0.8998,11,migratory,10.0,3.0,False,Oenanthe deserti,"Oenanthe deserti (Temminck, 1825)",Passeriformes,Muscicapidae,LC,LEAST_CONCERN
5231245,8,0.7532,2.3984,11,migratory,8.0,3.0,False,Oenanthe isabellina,"Oenanthe isabellina (Temminck, 1829)",Passeriformes,Muscicapidae,LC,LEAST_CONCERN
5231264,7,0.7031,1.573,3,migratory,10.0,4.0,False,Luscinia brunnea,"Larvivora brunnea Hodgson, 1837",Passeriformes,Muscicapidae,LC,LEAST_CONCERN
5231283,6,0.6053,1.1634,1,migratory,10.0,3.0,False,Ficedula superciliaris,"Ficedula superciliaris (Jerdon, 1840)",Passeriformes,Muscicapidae,LC,LEAST_CONCERN
5231333,12,0.6858,1.0847,12,resident,,,False,Acrocephalus stentoreus,"Acrocephalus stentoreus (Hemprich & Ehrenberg, 1833)",Passeriformes,Acrocephalidae,LC,LEAST_CONCERN
5231342,11,0.5124,0.317,12,resident,,,False,Rhopocichla atriceps,"Dumetia atriceps (Jerdon, 1839)",Passeriformes,Timaliidae,LC,LEAST_CONCERN
5231383,12,0.2561,1.0553,2,resident,,,True,Alcippe poioicephala,"Alcippe poioicephala (Jerdon, 1844)",Passeriformes,Pellorneidae,LC,LEAST_CONCERN
5231392,10,0.6336,0.2857,4,resident,,,False,Megalurus palustris,"Megalurus palustris Horsfield, 1821",Passeriformes,Locustellidae,LC,LEAST_CONCERN
5231393,12,0.4009,0.7317,10,resident,,,False,Chrysomma sinense,"Chrysomma sinense (Gmelin, 1789)",Passeriformes,Sylviidae,LC,LEAST_CONCERN
5231752,12,0.4162,1.2991,5,resident,,,False,Rhipidura aureola,"Rhipidura aureola Lesson, 1831",Passeriformes,Rhipiduridae,LC,LEAST_CONCERN
5231876,12,0.769,0.8442,3,resident,,,False,Columba elphinstonii,"Columba elphinstonii (Sykes, 1832)",Columbiformes,Columbidae,VU,VULNERABLE
5231904,7,1.087,3.4159,5,migratory,3.0,10.0,False,Cuculus micropterus,"Cuculus micropterus Gould, 1838",Cuculiformes,Cuculidae,LC,LEAST_CONCERN
5231910,12,0.8163,2.1106,6,resident,,,False,Cuculus varius,"Hierococcyx varius (Vahl, 1797)",Cuculiformes,Cuculidae,LC,LEAST_CONCERN
5231918,10,1.5829,6.2072,10,resident,,,False,Cuculus canorus,"Cuculus canorus Linnaeus, 1758",Cuculiformes,Cuculidae,LC,LEAST_CONCERN
5231927,2,0.796,0.6797,10,passage,9.0,10.0,False,Cuculus poliocephalus,"Cuculus poliocephalus Latham, 1790",Cuculiformes,Cuculidae,LC,LEAST_CONCERN
5232005,12,0.1758,0.6425,2,resident,,,False,Centropus sinensis,"Centropus sinensis (Stephens, 1815)",Cuculiformes,Cuculidae,LC,LEAST_CONCERN
5232051,12,0.5467,2.0405,12,resident,,,False,Harpactes fasciatus,"Harpactes fasciatus (Pennant, 1769)",Trogoniformes,Trogonidae,LC,LEAST_CONCERN
5232083,12,0.2858,2.3499,2,resident,,,False,Glaucidium radiatum,"Glaucidium radiatum (Tickell, 1833)",Strigiformes,Strigidae,LC,LEAST_CONCERN
5232229,12,0.86,4.3779,5,resident,,,False,Ketupa zeylonensis,"Ketupa zeylonensis (J.F.Gmelin, 1788)",Strigiformes,Strigidae,LC,LEAST_CONCERN
5232251,12,0.6302,2.8898,5,resident,,,False,Otus bakkamoena,"Otus bakkamoena Pennant, 1769",Strigiformes,Strigidae,LC,LEAST_CONCERN
5232328,9,0.4087,1.7012,1,migratory,10.0,6.0,False,Otus sunia,"Otus sunia (Hodgson, 1836)",Strigiformes,Strigidae,LC,LEAST_CONCERN
5739290,5,0.8554,5.5552,9,migratory,5.0,10.0,False,Phalaropus lobatus,"Phalaropus lobatus (Linnaeus, 1758)",Charadriiformes,Scolopacidae,LC,LEAST_CONCERN
5739315,9,0.6577,1.6517,11,migratory,9.0,5.0,False,Phoenicurus ochruros,"Phoenicurus ochruros (S.G.Gmelin, 1774)",Passeriformes,Muscicapidae,LC,LEAST_CONCERN
5739357,9,0.6581,1.2761,11,migratory,8.0,4.0,False,Iduna rama,"Iduna rama (Sykes, 1832)",Passeriformes,Acrocephalidae,LC,LEAST_CONCERN
5739359,8,0.636,2.0907,11,migratory,9.0,4.0,False,Iduna caligata,"Iduna caligata (Lichtenstein, 1823)",Passeriformes,Acrocephalidae,LC,LEAST_CONCERN
5788501,12,0.3466,3.1861,12,resident,,,False,Nisaetus cirrhatus,"Nisaetus cirrhatus (Gmelin, 1788)",Accipitriformes,Accipitridae,LC,LEAST_CONCERN
5788504,2,0.344,0.06,12,passage,12.0,1.0,False,Nisaetus kelaarti,"Nisaetus kelaarti (Legge, 1878)",Accipitriformes,Accipitridae,NE,NOT_EVALUATED
5788511,1,0.0,0.0,11,passage,11.0,11.0,False,Lophotriorchis kienerii,"Lophotriorchis kienerii (Sparre, 1835)",Accipitriformes,Accipitridae,NT,NEAR_THREATENED
5788516,12,0.9536,2.7666,2,resident,,,False,Aquila hastata,"Clanga hastata (R.P.Lesson, 1831)",Accipitriformes,Accipitridae,VU,VULNERABLE
5788816,12,0.2823,1.8207,11,resident,,,False,Eremopterix griseus,"Eremopterix griseus (Scopoli, 1786)",Passeriformes,Alaudidae,LC,LEAST_CONCERN
5788823,12,0.2841,2.328,11,resident,,,False,Ammomanes phoenicura,"Ammomanes phoenicura (Franklin, 1831)",Passeriformes,Alaudidae,LC,LEAST_CONCERN
5788886,7,0.4856,1.8809,2,migratory,10.0,4.0,False,Ficedula albicilla,"Ficedula albicilla (Pallas, 1811)",Passeriformes,Muscicapidae,LC,LEAST_CONCERN
5788893,12,0.1541,0.55,2,resident,,,False,Saxicoloides fulicatus,"Copsychus fulicatus (Linnaeus, 1766)",Passeriformes,Muscicapidae,LC,LEAST_CONCERN
5789032,12,0.3348,1.5446,2,resident,,,False,Chloropsis jerdoni,"Chloropsis jerdoni (Blyth, 1844)",Passeriformes,Chloropseidae,LC,LEAST_CONCERN
5789039,12,0.376,1.3238,6,resident,,,False,Myophonus horsfieldii,"Myophonus horsfieldii Vigors, 1831",Passeriformes,Muscicapidae,LC,LEAST_CONCERN
5789082,12,0.4059,0.8587,11,resident,,,False,Euodice malabarica,"Euodice malabarica (Linnaeus, 1758)",Passeriformes,Estrildidae,LC,LEAST_CONCERN
5789152,3,0.8723,5.2986,11,migratory,10.0,12.0,False,Chaetornis striata,"Schoenicola striatus (Jerdon, 1841)",Passeriformes,Locustellidae,VU,VULNERABLE
5789153,5,1.089,0.1981,8,migratory,6.0,10.0,False,Schoenicola platyurus,"Schoenicola platyurus (Jerdon, 1841)",Passeriformes,Locustellidae,NT,NEAR_THREATENED
5789279,12,0.577,4.2961,5,resident,,,False,Sternula albifrons,"Sternula albifrons (Pallas, 1764)",Charadriiformes,Laridae,LC,LEAST_CONCERN
5789283,12,0.5324,2.5697,11,resident,,,True,Thalasseus bergii,"Thalasseus bergii (M.H.K.Lichtenstein, 1823)",Charadriiformes,Laridae,LC,LEAST_CONCERN
5789284,2,0.382,0.0482,7,passage,7.0,8.0,True,Onychoprion fuscatus,"Onychoprion fuscatus (Linnaeus, 1766)",Charadriiformes,Laridae,LC,LEAST_CONCERN
5789286,7,1.2151,4.5807,7,migratory,1.0,11.0,True,Onychoprion anaethetus,"Onychoprion anaethetus (Scopoli, 1786)",Charadriiformes,Laridae,LC,LEAST_CONCERN
5789316,12,0.4848,1.329,2,resident,,,False,Tyto javanica,"Tyto javanica (J.F.Gmelin, 1788)",Strigiformes,Tytonidae,NE,NOT_EVALUATED
5793241,12,0.3986,2.7994,2,resident,,,False,Pernis ptilorhynchus,"Pernis ptilorhynchus (Temminck, 1821)",Accipitriformes,Accipitridae,LC,LEAST_CONCERN
5844053,12,0.4825,1.3187,5,resident,,,True,Micropternus brachyurus,"Micropternus brachyurus (Vieillot, 1818)",Piciformes,Picidae,LC,LEAST_CONCERN
5844449,12,0.5389,0.9547,11,resident,,,False,Aquila fasciata,"Aquila fasciata Vieillot, 1822",Accipitriformes,Accipitridae,LC,LEAST_CONCERN
5845386,12,0.7877,1.7494,2,resident,,,False,Pastor roseus,"Pastor roseus (Linnaeus, 1758)",Passeriformes,Sturnidae,LC,LEAST_CONCERN
5846272,12,0.6272,0.6387,5,resident,,,False,Turdus simillimus,"Turdus simillimus Jerdon, 1839",Passeriformes,Turdidae,LC,LEAST_CONCERN
5846290,9,0.5986,1.3467,11,migratory,8.0,4.0,False,Saxicola maurus,"Saxicola maurus (Pallas, 1773)",Passeriformes,Muscicapidae,NE,NOT_EVALUATED
5846407,12,0.2636,1.8562,12,resident,,,False,Petrochelidon fluvicola,"Petrochelidon fluvicola (Blyth, 1855)",Passeriformes,Hirundinidae,LC,LEAST_CONCERN
6065768,3,0.6827,0.078,7,migratory,7.0,9.0,True,Sternula saundersi,"Sternula saundersi (Hume, 1877)",Charadriiformes,Laridae,LC,LEAST_CONCERN
6065809,12,0.8483,1.0452,12,resident,,,True,Chroicocephalus brunnicephalus,"Chroicocephalus brunnicephalus (Jerdon, 1840)",Charadriiformes,Laridae,NE,NOT_EVALUATED
6065810,11,0.615,0.3303,2,resident,,,True,Chroicocephalus genei,"Chroicocephalus genei (Brème, 1839)",Charadriiformes,Laridae,NE,NOT_EVALUATED
6065824,9,0.5822,0.5346,2,migratory,9.0,5.0,True,Chroicocephalus ridibundus,"Chroicocephalus ridibundus (Linnaeus, 1766)",Charadriiformes,Laridae,NE,NOT_EVALUATED
6065833,12,0.5713,1.355,11,resident,,,True,Thalasseus bengalensis,"Thalasseus bengalensis (R.Lesson, 1831)",Charadriiformes,Laridae,LC,LEAST_CONCERN
6066037,12,0.4885,3.6647,5,resident,,,False,Burhinus indicus,"Burhinus indicus (Salvadori, 1866)",Charadriiformes,Burhinidae,LC,LEAST_CONCERN
6066180,12,0.6972,2.0495,5,resident,,,False,Icthyophaga ichthyaetus,"Icthyophaga ichthyaetus (Horsfield, 1821)",Accipitriformes,Accipitridae,NT,NEAR_THREATENED
6066512,12,0.0992,1.0066,12,resident,,,False,Microcarbo niger,"Microcarbo niger (Vieillot, 1817)",Suliformes,Phalacrocoracidae,LC,LEAST_CONCERN
6085868,11,0.4974,0.1156,12,resident,,,False,Pycnonotus gularis,"Rubigula gularis (Gould, 1836)",Passeriformes,Pycnonotidae,LC,LEAST_CONCERN
6086852,12,0.3114,0.646,2,resident,,,True,Aethopyga vigorsii,"Aethopyga vigorsii (Sykes, 1832)",Passeriformes,Nectariniidae,LC,LEAST_CONCERN
6087954,12,0.1776,0.402,2,resident,,,False,Rhipidura albogularis,"Rhipidura albogularis (Lesson, 1831)",Passeriformes,Rhipiduridae,LC,LEAST_CONCERN
6088706,12,0.4586,1.2878,2,resident,,,False,Leptocoma minima,"Leptocoma minima (Sykes, 1832)",Passeriformes,Nectariniidae,LC,LEAST_CONCERN
6088887,3,0.095,0.0482,12,migratory,12.0,4.0,False,Tephrodornis sylvicola,"Tephrodornis sylvicola Jerdon, 1839",Passeriformes,Tephrodornithidae,LC,LEAST_CONCERN
6091832,12,0.7286,2.6933,10,resident,,,True,Sturnia blythii,"Sturnia blythii (Jerdon, 1845)",Passeriformes,Sturnidae,NE,NOT_EVALUATED
6100799,12,0.9468,1.9666,9,resident,,,False,Emberiza lathami,"Emberiza lathami J.E.Gray, 1831",Passeriformes,Emberizidae,LC,LEAST_CONCERN
6100817,12,0.4894,0.7829,12,resident,,,False,Acritillas indica,"Acritillas indica (Jerdon, 1839)",Passeriformes,Pycnonotidae,LC,LEAST_CONCERN
6100845,12,0.2614,0.6713,2,resident,,,False,Oenanthe fusca,"Oenanthe fusca (Blyth, 1851)",Passeriformes,Muscicapidae,LC,LEAST_CONCERN
6100870,12,0.1951,1.1104,12,resident,,,False,Motacilla maderaspatensis,"Motacilla maderaspatensis Gmelin, 1789",Passeriformes,Motacillidae,LC,LEAST_CONCERN
6100882,12,0.6546,2.2168,5,resident,,,False,Geokichla citrina,"Geokichla citrina (Latham, 1790)",Passeriformes,Turdidae,LC,LEAST_CONCERN
6100941,12,0.3378,1.1402,2,resident,,,False,Sturnia pagodarum,"Sturnia pagodarum (Gmelin, 1789)",Passeriformes,Sturnidae,LC,LEAST_CONCERN
6100968,12,0.5948,1.5545,2,resident,,,False,Gymnoris xanthocollis,"Gymnoris xanthocollis (Burton, 1838)",Passeriformes,Passeridae,LC,LEAST_CONCERN
6101024,6,0.4052,1.0251,2,migratory,11.0,4.0,True,Iduna aedon,"Arundinax aedon (Pallas, 1776)",Passeriformes,Acrocephalidae,NE,NOT_EVALUATED
6101031,1,0.0,0.0,1,passage,1.0,1.0,False,Pericrocotus speciosus,"Pericrocotus speciosus (Latham, 1790)",Passeriformes,Campephagidae,NE,NOT_EVALUATED
6101070,12,0.2924,0.9038,2,resident,,,False,Parus cinereus,"Parus cinereus Vieillot, 1818",Passeriformes,Paridae,NE,NOT_EVALUATED
6101223,12,0.1803,1.0558,2,resident,,,False,Spilopelia senegalensis,"Spilopelia senegalensis (Linnaeus, 1766)",Columbiformes,Columbidae,LC,LEAST_CONCERN
6101224,12,0.1123,0.9548,2,resident,,,False,Spilopelia chinensis,"Spilopelia chinensis (Scopoli, 1786)",Columbiformes,Columbidae,LC,LEAST_CONCERN
6101234,12,0.4504,1.0608,12,resident,,,True,Treron affinis,"Treron affinis (Jerdon, 1840)",Columbiformes,Columbidae,LC,LEAST_CONCERN
7340278,12,0.275,0.3707,2,resident,,,False,Ptyonoprogne concolor,"Ptyonoprogne concolor (Sykes, 1832)",Passeriformes,Hirundinidae,LC,LEAST_CONCERN
7340331,7,0.6161,3.8876,2,migratory,10.0,4.0,False,Riparia chinensis,"Riparia chinensis (J.E.Gray, 1830)",Passeriformes,Hirundinidae,LC,LEAST_CONCERN
7340537,12,0.141,0.9102,2,resident,,,False,Turdoides striata,"Argya striata (Dumont, 1823)",Passeriformes,Leiothrichidae,LC,LEAST_CONCERN
7340540,12,0.1894,0.1666,2,resident,,,True,Cinnyris lotenius,"Cinnyris lotenius (Linnaeus, 1766)",Passeriformes,Nectariniidae,LC,LEAST_CONCERN
7340545,12,0.5526,0.8387,9,resident,,,False,Turdoides subrufa,"Argya subrufa (Jerdon, 1839)",Passeriformes,Leiothrichidae,LC,LEAST_CONCERN
7340590,12,0.2581,1.6136,11,resident,,,False,Turdoides caudata,"Argya caudata (Dumont, 1823)",Passeriformes,Leiothrichidae,LC,LEAST_CONCERN
7340608,12,0.3053,1.1261,2,resident,,,False,Cinnyris asiaticus,"Cinnyris asiaticus (Latham, 1790)",Passeriformes,Nectariniidae,LC,LEAST_CONCERN
7340855,12,0.1521,0.3715,2,resident,,,False,Leptocoma zeylonica,"Leptocoma zeylonica (Linnaeus, 1766)",Passeriformes,Nectariniidae,LC,LEAST_CONCERN
7341522,7,0.6339,1.7709,12,migratory,10.0,4.0,False,Phylloscopus humei,"Phylloscopus humei (W.E.Brooks, 1878)",Passeriformes,Phylloscopidae,LC,LEAST_CONCERN
7341536,8,0.7026,1.9793,2,migratory,9.0,4.0,False,Eumyias thalassinus,"Eumyias thalassinus (Swainson, 1838)",Passeriformes,Muscicapidae,LC,LEAST_CONCERN
7341580,12,0.5139,5.8158,2,resident,,,False,Sturnia malabarica,"Sturnia malabarica (Gmelin, 1789)",Passeriformes,Sturnidae,LC,LEAST_CONCERN
7341597,12,0.14,0.9588,11,resident,,,False,Gracupica contra,"Gracupica contra (Linnaeus, 1758)",Passeriformes,Sturnidae,LC,LEAST_CONCERN
7341877,12,0.1999,1.6206,2,resident,,,False,Parus aplonotus,"Machlolophus aplonotus (Blyth, 1847)",Passeriformes,Paridae,NE,NOT_EVALUATED
7342065,7,0.4782,1.3539,11,migratory,9.0,3.0,False,Sylvia crassirostris,"Curruca crassirostris (Cretzschmar, 1830)",Passeriformes,Sylviidae,LC,LEAST_CONCERN
7342071,12,0.5699,1.4692,3,resident,,,False,Hypsipetes ganeesa,"Hypsipetes ganeesa Sykes, 1832",Passeriformes,Pycnonotidae,LC,LEAST_CONCERN
7537888,10,0.4949,0.3422,11,resident,,,True,Calidris falcinellus,"Calidris falcinellus (Pontoppidan, 1763)",Charadriiformes,Scolopacidae,VU,VULNERABLE
7691806,12,0.2824,0.5703,2,resident,,,False,Psilopogon haemacephalus,"Psilopogon haemacephalus (P.L.S.Müller, 1776)",Piciformes,Megalaimidae,LC,LEAST_CONCERN
7760921,12,0.3078,1.8226,2,resident,,,False,Psilopogon zeylanicus,"Psilopogon zeylanicus (J.F.Gmelin, 1788)",Piciformes,Megalaimidae,LC,LEAST_CONCERN
7788295,10,0.4716,0.4547,10,resident,,,True,Haematopus ostralegus,"Haematopus ostralegus Linnaeus, 1758",Charadriiformes,Haematopodidae,NT,NEAR_THREATENED
7796884,12,0.3164,0.7511,3,resident,,,False,Psilopogon viridis,"Psilopogon viridis (Boddaert, 1783)",Piciformes,Megalaimidae,LC,LEAST_CONCERN
7982160,1,0.0,0.0,12,passage,12.0,12.0,True,Larus canus,"Larus canus Linnaeus, 1758",Charadriiformes,Laridae,LC,LEAST_CONCERN
8000602,8,0.7638,2.7078,1,migratory,10.0,6.0,False,Mareca penelope,"Mareca penelope (Linnaeus, 1758)",Anseriformes,Anatidae,LC,LEAST_CONCERN
8012314,8,0.6148,1.688,10,migratory,9.0,4.0,False,Jynx torquilla,"Jynx torquilla Linnaeus, 1758",Piciformes,Picidae,LC,LEAST_CONCERN
8028588,9,0.6644,2.644,1,migratory,9.0,5.0,False,Ichthyaetus ichthyaetus,"Ichthyaetus ichthyaetus (Pallas, 1773)",Charadriiformes,Laridae,NE,NOT_EVALUATED
8157718,8,0.521,0.1091,12,migratory,10.0,5.0,False,Psilopogon malabaricus,"Psilopogon malabaricus (Blyth, 1847)",Piciformes,Megalaimidae,LC,LEAST_CONCERN
8214667,8,0.7604,2.3193,1,migratory,9.0,4.0,False,Anas crecca,"Anas crecca Linnaeus, 1758",Anseriformes,Anatidae,LC,LEAST_CONCERN
8250742,11,0.5009,3.7023,1,resident,,,False,Calidris pugnax,"Calidris pugnax (Linnaeus, 1758)",Charadriiformes,Scolopacidae,LC,LEAST_CONCERN
8332393,10,0.8225,2.773,1,resident,,,False,Spatula clypeata,"Spatula clypeata (Linnaeus, 1758)",Anseriformes,Anatidae,LC,LEAST_CONCERN
8908559,12,0.1983,1.3914,1,resident,,,False,Leiopicus mahrattensis,"Leiopicus mahrattensis (Latham, 1801)",Piciformes,Picidae,LC,LEAST_CONCERN
8966665,12,0.3329,2.4121,1,resident,,,False,Yungipicus nanus,"Yungipicus nanus (Vigors, 1832)",Piciformes,Picidae,NE,NOT_EVALUATED
9273219,12,0.4853,1.5646,11,resident,,,False,Lanius schach,"Lanius schach Linnaeus, 1758",Passeriformes,Laniidae,LC,LEAST_CONCERN
9274012,11,0.7546,3.0123,2,resident,,,False,Spatula querquedula,"Spatula querquedula (Linnaeus, 1758)",Anseriformes,Anatidae,LC,LEAST_CONCERN
9326020,9,0.7339,0.1033,5,migratory,10.0,6.0,False,Gallus gallus,"Gallus gallus (Linnaeus, 1758)",Galliformes,Phasianidae,LC,LEAST_CONCERN
9362027,8,0.8156,1.5362,1,migratory,9.0,4.0,False,Mareca strepera,"Mareca strepera (Linnaeus, 1758)",Anseriformes,Anatidae,LC,LEAST_CONCERN
9367409,12,1.136,0.9939,8,resident,,,True,Sterna hirundo,"Sterna hirundo Linnaeus, 1758",Charadriiformes,Laridae,LC,LEAST_CONCERN
9444556,12,0.7082,2.39,11,resident,,,False,Lanius excubitor,"Lanius excubitor Linnaeus, 1758",Passeriformes,Laniidae,LC,LEAST_CONCERN
9450106,12,0.1336,1.3232,12,resident,,,False,Anas poecilorhyncha,"Anas poecilorhyncha J.R.Forster, 1781",Anseriformes,Anatidae,LC,LEAST_CONCERN
9451184,12,0.3757,1.886,10,resident,,,False,Pavo cristatus,"Pavo cristatus Linnaeus, 1758",Galliformes,Phasianidae,LC,LEAST_CONCERN
9465111,8,0.5088,2.2827,12,migratory,9.0,4.0,False,Anthus richardi,"Anthus richardi Vieillot, 1818",Passeriformes,Motacillidae,LC,LEAST_CONCERN
9480191,1,0.0,0.0,1,passage,1.0,1.0,False,Mareca falcata,"Mareca falcata (Georgi, 1775)",Anseriformes,Anatidae,LC,LEAST_CONCERN
9509689,12,0.7033,3.2897,3,resident,,,False,Caprimulgus indicus,"Caprimulgus indicus Latham, 1790",Caprimulgiformes,Caprimulgidae,LC,LEAST_CONCERN
9515886,12,0.8219,1.8338,12,resident,,,False,Hirundo rustica,"Hirundo rustica Linnaeus, 1758",Passeriformes,Hirundinidae,LC,LEAST_CONCERN
9522580,12,0.8078,2.3912,8,resident,,,False,Pterocles exustus,"Pterocles exustus Temminck, 1825",Pteroclidiformes,Pteroclididae,LC,LEAST_CONCERN
9523325,12,0.3452,2.4285,2,resident,,,False,Oriolus kundoo,"Oriolus kundoo Sykes, 1832",Passeriformes,Oriolidae,LC,LEAST_CONCERN
9561629,1,0.0,0.0,12,passage,12.0,12.0,False,Gyps himalayensis,"Gyps himalayensis Hume, 1869",Accipitriformes,Accipitridae,NT,NEAR_THREATENED
9566476,8,0.6264,1.3209,11,migratory,9.0,4.0,False,Emberiza buchanani,"Emberiza buchanani Blyth, 1845",Passeriformes,Emberizidae,LC,LEAST_CONCERN
9566659,4,0.542,5.1671,11,migratory,11.0,4.0,False,Charadrius hiaticula,"Charadrius hiaticula Linnaeus, 1758",Charadriiformes,Charadriidae,LC,LEAST_CONCERN
9573362,7,0.58,2.6539,12,migratory,1.0,12.0,False,Picus chlorolophus,"Picus chlorolophus Vieillot, 1818",Piciformes,Picidae,LC,LEAST_CONCERN
9584698,4,0.6516,0.1155,1,migratory,12.0,3.0,True,Falco naumanni,"Falco naumanni J.G.Fleischer, 1818",Falconiformes,Falconidae,LC,LEAST_CONCERN
9584952,8,0.649,0.7267,12,migratory,9.0,4.0,True,Phylloscopus nitidus,"Phylloscopus nitidus Blyth, 1843",Passeriformes,Phylloscopidae,LC,LEAST_CONCERN
9600020,12,0.864,6.1693,2,resident,,,False,Dicrurus leucophaeus,"Dicrurus leucophaeus Vieillot, 1817",Passeriformes,Dicruridae,LC,LEAST_CONCERN
9610931,9,0.6756,3.6533,1,migratory,10.0,6.0,False,Sitta frontalis,"Sitta frontalis Swainson, 1820",Passeriformes,Sittidae,LC,LEAST_CONCERN
9613112,8,0.6218,0.7926,11,migratory,9.0,4.0,False,Emberiza melanocephala,"Emberiza melanocephala Scopoli, 1769",Passeriformes,Emberizidae,LC,LEAST_CONCERN
9616058,11,0.8176,1.9454,11,resident,,,False,Falco tinnunculus,"Falco tinnunculus Linnaeus, 1758",Falconiformes,Falconidae,LC,LEAST_CONCERN
9687165,8,0.6111,1.8514,1,migratory,9.0,4.0,False,Motacilla alba,"Motacilla alba Linnaeus, 1758",Passeriformes,Motacillidae,LC,LEAST_CONCERN
9701857,9,0.512,1.2286,12,migratory,9.0,5.0,False,Motacilla flava,"Motacilla flava Linnaeus, 1758",Passeriformes,Motacillidae,LC,LEAST_CONCERN
9717283,12,0.2131,0.5078,12,resident,,,False,Cecropis daurica,"Cecropis daurica (Laxmann, 1769)",Passeriformes,Hirundinidae,LC,LEAST_CONCERN
9750846,7,0.5435,3.0502,2,migratory,10.0,4.0,False,Oriolus chinensis,"Oriolus chinensis Linnaeus, 1766",Passeriformes,Oriolidae,LC,LEAST_CONCERN
9752617,12,0.2338,1.8034,12,resident,,,False,Ardea alba,"Ardea alba Linnaeus, 1758",Pelecaniformes,Ardeidae,LC,LEAST_CONCERN
9758793,11,0.5135,1.2224,12,resident,,,False,Cyornis pallidipes,"Cyornis pallidipes (Jerdon, 1840)",Passeriformes,Muscicapidae,LC,LEAST_CONCERN
9761484,8,0.5632,4.8712,1,migratory,10.0,6.0,False,Anas platyrhynchos,"Anas platyrhynchos Linnaeus, 1758",Anseriformes,Anatidae,LC,LEAST_CONCERN
9797180,12,0.2767,1.2694,12,resident,,,False,Ardea cinerea,"Ardea cinerea Linnaeus, 1758",Pelecaniformes,Ardeidae,LC,LEAST_CONCERN
